folder,cite_key,title,authors,year,doi,url,tags,relevancy,folder_matches_cite_key,quality_issues,quality_score
abdallah_2021,abdallah_2021,Towards a GML-Enabled Knowledge Graph Platform,"Hussein Abdallah, Essam Mansour",2021,10.1145/3447772,https://doi.org/10.1145/3447772,"ai, heterogeneous, integration, knowledge_graph, machine_learning, memory, semantic, survey",Medium,Yes,None,10/10
aburasheed_2023b,aburasheed_2023b,Building Contextual Knowledge Graphs for Personalized Learning Recommendations Using Text Mining and Semantic Graph Completion,"Hasan Abu-Rasheed, Mareike Dornhöfer, Christian Weber, Gábor Kismihók, Ulrike Buchmann, Madjid Fathi",2023,10.1109/ICALT58122.2023.00040,https://ieeexplore.ieee.org/document/10260850/,"Contextual Knowledge Graphs, Personalized Learning, Educational Technology, Semantic Graph Completion, Learning Object Modeling",High,Yes,None,10/10
abusalih_2023,abusalih_2023,"Healthcare knowledge graph construction: A systematic review of the state-of-the-art, open issues, and opportunities","Bilal Abu-Salih, Muhammad AL-Qurishi, Mohammed Alweshah, Mohammad AL-Smadi, Reem Alfayez, Heba Saadeh",2023,,,"Healthcare, Knowledge Graph, Machine Learning, Semantic Web",Medium,Yes,doi_missing,9/10
abusalih_2024,abusalih_2024,A systematic literature review of knowledge graph construction and application in education,"Bilal Abu-Salih, Salihah Alotaibi",2024,10.1016/j.heliyon.2024.e25383,,"Healthcare, Knowledge Graph, Machine Learning, Recommendation System, Semantic Web",Medium,Yes,None,10/10
aho_2023,aho_2023,A human digital twin for the M‑Machine,Jami Aho,2023,10.1007/s44163-024-00164-x,https://doi.org/10.1007/s44163-024-00164-x,"ai, digital_twin, integration, machine_learning, memory, personal, semantic, survey",Medium,Yes,None,10/10
ai_2025,ai_2025,Zep: A Temporal Knowledge Graph Architecture for Agent Memory,Preston Rasmussen Zep AI,2025,10.48550/arXiv.2501.13956,https://arxiv.org/abs/2501.13956,"ai, integration, knowledge_graph, llm, machine_learning, memory, semantic, survey, temporal",High,Yes,None,10/10
ain_2024,ain_2024,Learner Modeling and Recommendation of Learning Resources using Personal Knowledge Graphs,"Qurat Ul Ain, Rawaa Alatrash, Mohamed Amine Chatti, Shoeb Joarder, Paul Arthur Meteng Kamdem, Clara Siepmann",2024,10.1145/3636555.3636881,https://dl.acm.org/doi/10.1145/3636555.3636881,"ai, knowledge_graph, machine_learning, personal, semantic, survey",High,Yes,None,10/10
akroyd_2021,akroyd_2021,Universal Digital Twin - A Dynamic Knowledge Graph,"Jethro Akroyd, Sebastian Mosbach, Amit Bhave, Markus Kraft",2021,10.17863/CAM.32260,https://doi.org/10.17863/cam.32260,"ai, digital_twin, federated, healthcare, integration, knowledge_graph, llm, machine_learning, medicine_access, memory, ontology, sdg, semantic, survey, temporal",High,Yes,None,10/10
alatrash_2024,alatrash_2024,Transparent Learner Knowledge State Modeling using Personal Knowledge Graphs and Graph Neural Networks,"Rawaa Alatrash, Mohamed Amine Chatti, Qurat Ul Ain, Shoeb Joarder",2024,10.1145/3627043.3659545,https://dl.acm.org/doi/10.1145/3627043.3659545,"Personal Knowledge Graphs, Graph Neural Networks, Transparent AI, Learner Modeling, Educational Technology",High,Yes,None,10/10
aldughayfiq_2023,aldughayfiq_2023,ArticleCapturing Semantic Relationships in Electronic Health Records Using Knowledge Graphs: An Implementation Using MIMIC III Dataset and GraphDB,"Bader Aldughayfiq, Farzeen Ashfaq",2023,10.3390/healthcare11121762,https://doi.org/10.3390/healthcare11121762,"ai, digital_twin, healthcare, heterogeneous, integration, knowledge_graph, machine_learning, ontology, personal, privacy, semantic, survey, temporal",High,Yes,None,10/10
ammar_2021,ammar_2021,Using a Personal Health Library–Enabled mHealth Recommender System for Self-Management of Diabetes Among Underserved Populations: Use Case for Knowledge Graphs and Linked Data,"Nariman Ammar, James E Bailey, Robert L Davis, Arash Shaban-Nejad",2021,10.2196/24738,https://doi.org/10.2196/24738,"ai, children, federated, healthcare, heterogeneous, integration, knowledge_graph, machine_learning, ontology, pediatric, personal, privacy, semantic",High,Yes,None,10/10
amofa_2024,amofa_2024,Blockchain-secure patient Digital Twin in healthcare using smart contracts,"Sandro Amofa, Qi Xia, Hu Xia, Isaac Amankona Obiri, Bonsu Adjei-Arthur, Jingcong Yang, Jianbin Gao",2024,10.1371/journal.pone.0286120,https://doi.org/10.1371/journal.pone.0286120,"ai, digital_twin, healthcare, heterogeneous, integration, llm, machine_learning, personal, privacy, semantic, survey",High,Yes,None,10/10
anderson_2016,anderson_2016,Mind the Gap: Two Dissociable Mechanisms of Temporal Processing in the Auditory System,"Lucy A. Anderson, Jennifer F. Linden",2016,10.1523/JNEUROSCI.1652-15.2016,https://doi.org/10.1523/jneurosci.1652-15.2016,"ai, children, healthcare, integration, llm, machine_learning, pediatric, privacy, temporal",Low,Yes,None,10/10
anokhin_2024,anokhin_2024,AriGraph: Learning Knowledge Graph World Models with Episodic Memory for LLM Agents,"Petr Anokhin, Nikita Semenov, Artyom Sorokin, Dmitry Evseev, Mikhail Burtsev, Evgeny Burnaev",2024,10.48550/arXiv.2407.04363,https://arxiv.org/abs/2407.04363,"ai, integration, knowledge_graph, llm, machine_learning, memory, personal, semantic, survey, temporal",High,Yes,None,10/10
anzia_2018,anzia_2018,Multimodal joint learning for personal knowledge base construction from Twitter-based lifelogs,"Yen An-Zia, Huang Hen-Hsenb, Chen Hsin-Hsia",2018,10.1016/j.ipm.2019.102148,,"Healthcare, IoT, Machine Learning, Natural Language Processing, Privacy, Semantic Web",Low,Yes,None,10/10
asprino_2022,asprino_2022,Uncovering Values: Detecting Latent Moral Content from Natural Language with Explainable and Non-Trained Methods,"Luigi Asprino, Luana Bulla, Stefano De Giorgis, Aldo Gangemi, Ludovica Marinucci, Misael Mongiovi",2022,10.18653/v1/2022.deelio-1.4,https://aclanthology.org/2022.deelio-1.4/,"Moral Values, Natural Language Processing, Knowledge Graphs, Zero-shot Learning, Semantic Extraction",Medium,Yes,None,10/10
asprino_2023,asprino_2023,Knowledge Graph Construction with a Façade: A Unified Method to Access Heterogeneous Data Sources on the Web,"Luigi Asprino, Enrico Daga, Aldo Gangemi, Paul Mulholland",2023,10.1145/3555312,https://dl.acm.org/doi/10.1145/3555312,"ai, children, heterogeneous, integration, knowledge_graph, llm, memory, ontology, pediatric, personal, semantic, survey",High,Yes,None,10/10
azevedo_2023,azevedo_2023,A Polystore Architecture Using Knowledge Graphs to Support Queries on Heterogeneous Data Stores,"Leonardo Guerreiro Azevedo, Renan Francisco Santos Souza, Elton F. de S. Soares, Raphael M. Thiago, Julio Cesar Cardoso Tesolin, Anna C. Oliveira, Marcio Ferreira Moreno",2023,10.1007/s00778-017-0474-5,https://doi.org/10.1007/s00778-017-0474-5,"ai, federated, healthcare, heterogeneous, integration, knowledge_graph, machine_learning, ontology, semantic, survey",Low,Yes,None,10/10
bai_2023,bai_2023,Membership Inference Attacks and Defenses in Federated Learning: A Survey,"Li Bai, Haibo Hu, Qingqing Ye, Haoyang Li, Leixia Wang, Jianliang Xu",2023,10.1109/NaNA53684.2021.00062,https://doi.org/10.1109/nana53684.2021.00062,"ai, federated, healthcare, heterogeneous, machine_learning, memory, personal, privacy, survey, temporal",Low,Yes,None,10/10
balog_2019,balog_2019,Personal Knowledge Graphs: A Research Agenda,"Krisztian Balog, Tom Kenter",2019,10.1145/3341981.3344241,https://doi.org/10.1145/3341981.3344241,"ai, heterogeneous, integration, knowledge_graph, machine_learning, memory, ontology, personal, privacy, semantic, survey, temporal",High,Yes,None,10/10
banking_2022,banking_2022,Incremental Analysis of Legacy Applica4ons Using Knowledge Graphs for Applica4on Moderniza4on,"Industries such as banking, telecom",2022,10.1145/3493700.3493735,https://doi.org/10.1145/3493700.3493735,"ai, knowledge_graph, machine_learning, ontology, personal, semantic",Low,Yes,None,10/10
bellomarini_2024a,bellomarini_2024a,Privacy-Preserving Synthetically Augmented Knowledge Graphs with Semantic Utility,"Luigi Bellomarini, Costanza Catalano, Andrea Coletta, Michela Iezzi, Pierangela Samarati",2024,10.48550/arXiv.2410.12418,https://arxiv.org/abs/2410.12418,"Privacy-Preserving, Knowledge Graphs, Synthetic Data, Anonymization, Semantic Utility",High,Yes,None,10/10
beltran_2023,beltran_2023,"ArticleCo-Design, Development, and Evaluation of a Health Monitoring Tool Using Smartwatch Data: A Proof-of-Concept Study",Fernando Beltran,2023,10.3390/fi15030111,https://doi.org/10.3390/fi15030111,"ai, healthcare, integration, machine_learning, memory, personal, privacy, survey",Low,Yes,None,10/10
bendiken_2024,bendiken_2024,KNOW–A Real-World Ontology for Knowledge Capture with Large Language Models,Arto Bendiken,2024,,,"ai, children, healthcare, knowledge_graph, llm, machine_learning, ontology, pediatric, personal, semantic, temporal",Low,Yes,doi_missing,9/10
berkeley_2017,berkeley_2017,Quality and Relevance Metrics for Selection of Multimodal Pretraining Data,Roshan Rao UC Berkeley,2017,,,"ai, machine_learning, semantic",Low,Yes,doi_missing,9/10
berlin_2014,berlin_2014,Benchmarking Scalability and Elasticity of Distributed Database Systems,"Markus Klems Technische Universitat Berlin ¨ Information Systems Engineering Group Berlin, Germany mk@ise.tu-berlin.de",2014,,,"ai, federated, integration, knowledge_graph, machine_learning, memory",Medium,Yes,doi_missing,9/10
bernard_2024,bernard_2024,PKG API: A Tool for Personal Knowledge Graph Management,"Nolwenn Bernard, Krisztian Balog, Ivica Kostric, Petra Galuščáková, Martin G. Skjæveland, Weronika Łajewska, Vinay Setty",2024,10.48550/arXiv.2402.07540,https://arxiv.org/abs/2402.07540,"ai, knowledge_graph, llm, ontology, personal, privacy, semantic, survey",High,Yes,None,10/10
bianchini_2022,bianchini_2022,A semantics-enabled approach for personalised Data Lake exploration,"Devis Bianchini, Valeria De Antonellis",2022,10.2785/56118,https://doi.org/10.2785/56118,"ai, federated, heterogeneous, integration, machine_learning, ontology, personal, semantic, survey, temporal",Low,Yes,None,10/10
bikakis_2021,bikakis_2021,Pattern-based design applied to cultural heritage knowledge graphs,"Editors:Antonis Bikakis, UK; Beatrice Markhoff, France; Alessandro Mosca, Italy; Stéphane Jean, France; Eero Hyvönen, FinlandSolicited review:Seven anonymous reviewers",2021,10.3233/SW-200422,https://doi.org/10.3233/sw-200422,"ai, heterogeneous, integration, knowledge_graph, llm, machine_learning, memory, ontology, personal, privacy, semantic, survey, temporal",Medium,Yes,None,10/10
bloor_2018,bloor_2018,Towards a Personal Health Knowledge Graph Framework for Patient Monitoring,"Daniel Bloor, Nnamdi Ugwuoke, David Taylor, Keir Lewis, Luis Mur, Chuan Lu",2018,,,"ai, healthcare, heterogeneous, integration, knowledge_graph, machine_learning, memory, ontology, personal, semantic, temporal",Medium,Yes,doi_missing,9/10
blvd_2013,blvd_2013,Temporal Reasoning in AI Systems,Abhishek Sharma3840 Far West Blvd,2013,,,"ai, healthcare, knowledge_graph, machine_learning, ontology, semantic, temporal",Low,Yes,doi_missing,9/10
bogachov_2018,bogachov_2018,A Lightweight Multi-Expert Generative Language Model System for Engineering Information and Knowledge Extraction,Bogdan Bogachov,2018,10.48550/arXiv.2302.04023.,https://doi.org/10.48550/arxiv.2302.04023.,"ai, integration, knowledge_graph, llm, machine_learning, memory, personal, privacy, semantic, survey",Low,Yes,None,10/10
bontempelli_2017,bontempelli_2017,Lifelong Personal Context Recognition1,"Andrea Bontempelli, Marcelo Rodas Britez, Xiaoyue Li, Haonan Zhao, Luca Erculiani, Stefano Teso, Andrea Passerini, Fausto Giunchiglia",2017,,,"ai, healthcare, heterogeneous, knowledge_graph, machine_learning, personal, semantic, survey",Low,Yes,doi_missing,9/10
boyd_2025,boyd_2025,BMC Bioinformatics,"Samuel S. Boyd, Chad Slawson, Jefrey A. Thompson",2025,10.1186/s12859-025-06063-x.,https://doi.org/10.1186/s12859-025-06063-x.,"ai, healthcare, heterogeneous, integration, knowledge_graph, llm, machine_learning, ontology, semantic",Low,Yes,None,10/10
brennan_2016,brennan_2016,Towards a knowledge driven framework for bridging the gap between software and data engineering,"Rob Brennan, Wolters Kluwer",2016,10.1016/j.jss.2018.12.017,https://doi.org/10.1016/j.jss.2018.12.017,"ai, integration, llm, machine_learning, ontology, personal, semantic, survey",Medium,Yes,None,10/10
briggs_2021,briggs_2021,A Review of Privacy-preserving Federated Learning for the Internet-of-Things,"Christopher Briggs, Zhong Fan, Peter Andras",2021,,,"ai, federated, healthcare, heterogeneous, integration, machine_learning, memory, personal, privacy, semantic, survey, temporal",Medium,Yes,doi_missing,9/10
budhdeo_2021,budhdeo_2021,Scoping review of knowledge graph applications in biomedical and healthcare sciences,Sanjay Budhdeo,2021,10.3389/fgene.2020.610798,https://doi.org/10.3389/fgene.2020.610798,"ai, digital_twin, healthcare, integration, knowledge_graph, llm, machine_learning, ontology, personal, privacy, semantic, survey",Medium,Yes,None,10/10
cai_2022,cai_2022,Temporal Knowledge Graph Completion: A Survey,"Borui Cai, Yong Xiang, Longxiang Gao, He Zhang, Yunfeng Li, Jianxin Li",2022,,,"ai, integration, knowledge_graph, llm, machine_learning, memory, semantic, survey, temporal",Low,Yes,doi_missing,9/10
cai_2023,cai_2023,Temporal Knowledge Graph Completion with Time-sensitive Relations in Hypercomplex Space,"Li Cai, Xin Mao, Zhihong Wang, Shangqing Zhao, Yuhao Zhou, Changxu Wu, Man Lan",2023,10.1007/3-540-44503-X_27,https://doi.org/10.1007/3-540-44503-x_27,"ai, heterogeneous, knowledge_graph, llm, machine_learning, memory, semantic, survey, temporal",Medium,Yes,None,10/10
caia_2024,caia_2024,A Survey on Temporal Knowledge Graph: Representation Learning and Applications,"Li Caia, Xin Mao, Yuhao Zhou, Zhaoguang Long, Changxu Wu, Man Lana, North Zhongshan Road, Industrial Engineering",2024,arXiv:2403.04782,https://arxiv.org/abs/2403.04782,"ai, heterogeneous, integration, knowledge_graph, llm, machine_learning, memory, personal, semantic, survey, temporal",High,Yes,doi_invalid_format,9/10
callahan_2024,callahan_2024,An open source knowledge graph ecosystem for the life sciences,"Tifany J. Callahan, Ignacio J. Tripodi, Adrianne L. Stefanski, Luca Cappelletti, Sanya B. Taneja, Jordan M. Wyrwa, Elena Casiraghi, Nicolas A. Matentzoglu, Justin Reese, Jonathan C. Silverstein, Charles Tapley Hoyt, Richard D. Boyce, Scott A. Malec, Deepak R. Unni, Marcin P. Joachimiak, Peter N. Robinson, Christopher J. Mungall, Emanuele Cavalleri, Tommaso Fontana, Giorgio Valentini, Marco Mesiti, Lucas A. Gillenwater, Brook Santangelo, Nicole A. Vasilevsky, Robert Hoehndorf, Tellen D. Bennett, Patrick B. Ryan, George Hripcsak, Michael G. Kahn, Michael Bada, William A. Baumgartner Jr✉& Lawrence E. Hunter",2024,10.1101/2023.02.11.528088,https://doi.org/10.1101/2023.02.11.528088,"ai, children, healthcare, heterogeneous, integration, knowledge_graph, machine_learning, memory, ontology, pediatric, personal, semantic, survey",Low,Yes,None,10/10
cao_2020,cao_2020,Building and Using Personal Knowledge Graph to Improve Suicidal Ideation Detection on Social Media,"Lei Cao, Huijun Zhang, Ling Feng",2020,10.48550/arXiv.2012.09123,https://arxiv.org/abs/2012.09123,"PKG, Personal Knowledge Graph, Suicidal Ideation, Social Media Analysis, Mental Health Tech, Deep Learning",High,Yes,None,10/10
carbonaro_2023,carbonaro_2023,CONNECTED: leveraging digital twins and personal knowledge graphs in healthcare digitalization,"Antonella Carbonaro, Alberto Marfoglia, Filippo Nardini, Sabato Mellone",2023,10.3389/fdgth.2023.1322428,https://doi.org/10.3389/fdgth.2023.1322428,"ai, digital_twin, healthcare, heterogeneous, integration, knowledge_graph, machine_learning, personal, privacy, semantic, survey",High,Yes,None,10/10
castilloescamilla_2024,castilloescamilla_2024,The Role of Physical Activity on Spatial and Temporal Cognitive Processing in Young Women,"Joaquín Castillo-Escamilla, María del Mar Salvador-Viñas, José Manuel Cimadevilla",2024,10.3390/brainsci15050431,,"Knowledge Graph, Machine Learning, Mental Health, Temporal",Low,Yes,None,10/10
castro_2019,castro_2019,Research Knowledge Graphs: the Shifting Paradigm of Scholarly Information Representation,"Leyla Jael Castro, Benjamin Zapilko, Saurav Karmakar, Brigitte Mathiak, Markus Stocker, Wolfgang Otto",2019,10.15488/13072,https://doi.org/10.15488/13072,"ai, healthcare, heterogeneous, integration, knowledge_graph, llm, machine_learning, ontology, personal, semantic, survey",Medium,Yes,None,10/10
chakraborty_2022,chakraborty_2022,Personal Research Knowledge Graphs,"Prantika Chakraborty, Sudakshina Dutta, Debarshi Kumar Sanyal",2022,,,"ai, knowledge_graph, machine_learning, personal, privacy, semantic, survey, temporal",High,Yes,doi_missing,9/10
chakraborty_2023,chakraborty_2023,A Comprehensive Survey of Personal Knowledge Graphs,"Prantika Chakraborty, Debarshi Kumar Sanyal",2023,10.1002/widm.1513,https://doi.org/10.1002/widm.1513,"ai, children, knowledge_graph, llm, machine_learning, memory, ontology, pediatric, personal, privacy, semantic, survey, temporal",High,Yes,None,10/10
challenges_2005,challenges_2005,MARK: Memory Augmented Refinement of Knowledge,To overcome these challenges,2005,,,"ai, healthcare, integration, knowledge_graph, llm, machine_learning, memory, personal, semantic, survey, temporal",Medium,Yes,doi_missing,9/10
challenges_2021,challenges_2021,"XIN PENG, Fudan University, China CHONG WANG, Fudan University, China MINGWEI LIU, Sun Yat-sen University, China YILING LOU, Fudan University, China YIJIAN WU, Fudan University, China","To address these challenges, we propose the concept, framework of Code Digital Twin, a conceptual representation of tacit knowledge that encapsulates the concepts, functionalities, design rationales behind code elements, co-evolving with the software. The framework structures tacit knowledge into two key categories: the artifact-oriented backbone, which establishes a foundational structure by linking concepts, functionalities to software artifacts, the rationale-centric explanations, which enrich this foundation by capturing the decisions that have shaped the system's design, evolution. The methodology for realizing a code digital twin combines structured, unstructured knowledge representations, integrating knowledge graphs, frames, textual descriptions to capture domain concepts",2021,10.1145/3611643.3616317,https://doi.org/10.1145/3611643.3616317,"ai, digital_twin, integration, knowledge_graph, llm, machine_learning, semantic, survey",Medium,Yes,None,10/10
chami_2003,chami_2003,A SysML-based Integration Framework for the Engineering of Mechatronic Systems,Mohammad Chami,2003,,,"ai, integration, machine_learning",Low,Yes,doi_missing,9/10
chan_2024,chan_2024,Multi-task Heterogeneous Graph Learning on Electronic Health Records,"Tsai Hor Chan, Guosheng Yin, Kyongtae Bae, Lequan Yua, Hong Kong, Pokfulam Road, Diagnostic Radiology",2024,arXiv:2408.07569,https://arxiv.org/abs/2408.07569,"ai, healthcare, heterogeneous, knowledge_graph, machine_learning, memory, personal, semantic, survey, temporal",High,Yes,doi_invalid_format,9/10
chang_2021,chang_2021,Sequential Recommendation with Graph Neural Networks,"Jianxin Chang, Chen Gao, Yu Zheng, Yiqun Hui, Yanan Niu, Yang Song, Depeng Jin, Yong Li",2021,10.48550/arXiv.2106.14226,https://arxiv.org/abs/2106.14226,"ai, heterogeneous, integration, knowledge_graph, memory, personal, semantic, survey, temporal",High,Yes,None,10/10
chavesfraga_2024,chavesfraga_2024,Are Knowledge Graphs Ready for the Real World? Challenges and Perspectives,"David Chaves-Fraga, Oscar Corcho, Anastasia Dimou, Maria-Esther Vidal, Ana Iglesias-Molina, Dylan Van Assche",2024,10.4230/DagRep.14.2.1,,"Blockchain, Data Integration, Federated Learning, Knowledge Graph, Machine Learning, Personal Health, Privacy, Semantic Web",High,Yes,None,10/10
chen_2020,chen_2020,A Survey on Collaborative Mechanisms Between Large and Small Language Models,"Yi Chen, JiaHao Zhao, HaoHao Han, Computer Applications",2020,,,"ai, federated, healthcare, heterogeneous, integration, knowledge_graph, llm, machine_learning, memory, personal, privacy, semantic, survey",High,Yes,doi_missing,9/10
chen_2022,chen_2022,Integrating Manifold Knowledge for Global Entity Linking with Heterogeneous Graphs,"Zhibin Chen, Yuting Wu, Yansong Feng",2022,10.1162/dint_a_00116,https://doi.org/10.1162/dint_a_00116,"ai, heterogeneous, integration, knowledge_graph, machine_learning, semantic, survey",Medium,Yes,None,10/10
chen_2023a,chen_2023a,"Knowledge Graphs for the Life Sciences: Recent Developments, Challenges and Opportunities","Jiaoyan Chen, Hang Dong, Janna Hastings, Ernesto Jiménez-Ruiz, Vanessa López, Pierre Monnin, Catia Pesquita, Petr Škoda, Valentina Tamma",2023,10.4230/TGDK.1.1.5,,,,Yes,None,10/10
chen_2023b,chen_2023b,Local-Global History-aware Contrastive Learning for Temporal Knowledge Graph Reasoning,"Wei Chen, Huaiyu Wan, Yuting Wu ∗, Shuyuan Zhao, Jiayaqi Cheng, Yuxin Li, Youfang Lin",2023,10.48550/arXiv.2312.01601,https://arxiv.org/abs/2312.01601,,High,Yes,None,10/10
chen_2024a,chen_2024a,1 Temporal Knowledge Graph Reasoning Based on Dynamic Fusion Representation Learning,Hongwei Chen,2024,10.1111/exsy.13758,,,,Yes,None,10/10
chen_2024b,chen_2024b,Medical Hallucination in Foundation Models and Their Impact on Healthcare,"Shan Chen, Shuyue Stella Li, Kumail Alhamoud, Jimin Mun, Cristina Grau, Minseok Jung, Rodrigo Gameiro, Lizhou Fan, Eugene Park, Tristan Lin, Wonjin Yoon, Maarten Sap, Yulia Tsvetkov, Paul Liang, Xuhai Xu, Xin Liu, Hyeonhoon Lee, Hae Won Park, Cynthia Breazeal",2024,10.1056/NEJMcpc1802826.,,,,Yes,None,10/10
christino_2022,christino_2022,A Theoretical Approach for Structuring and Analysing Knowledge Provenance for Visual Analytics,"L. Christino, S. Rezaeipour, E. Milios, F. Paulovich",2022,10.1111/cgf.13324,,,,Yes,None,10/10
chu_2021,chu_2021,TIMEBENCH: A Comprehensive Evaluation of Temporal Reasoning Abilities in Large Language Models,"Zheng Chu, Jingchang Chen, Qianglong Chen, Weijiang Yu, Haotian Wang, Ming Liu, Bing Qin",2021,10.18653/V1/2023.EMNLP-MAIN.298,,,,Yes,None,10/10
cinti_2024,cinti_2024,The Roadmap toward Personalized Medicine: Challenges and Opportunities,"Caterina Cinti, Maria Giovanna Trivella, Michael Joulie, Hussein Ayoub, Monika Frenzel, on behalf of the International Consortium for Personalised Medicine and Working Group 'Personalised Medicine in Healthcare' (WG2",2024,10.3390/jpm14060546,,,,Yes,None,10/10
clark_2001,clark_2001,Knowledge Patterns,"Peter Clark, John Thompson, Bruce Porter, Knowledge Systems, Texas Austin",2001,,,,,Yes,doi_missing,9/10
clau_2024,clau_2024,iText2KG: Incremental Knowledge Graphs Construction Using Large Language Models,Pierre CLÉAU,2024,arXiv:2409.03284,https://arxiv.org/abs/2409.03284,,High,Yes,doi_invalid_format,9/10
cognitiveyunp_2023,cognitiveyunp_2023,ForecastTKGQuestions: A Benchmark for Temporal Question Answering and Forecasting over Temporal Knowledge Graphs,"cognitive.yunp, zhmen, lia, hanzhen, Volker.Tres",2023,10.48550/arXiv.2208.06501,https://arxiv.org/abs/2208.06501,"Temporal Knowledge Graphs, Question Answering, Forecasting, ISWC 2023, Temporal Reasoning",High,Yes,None,10/10
cudrmauroux_2020,cudrmauroux_2020,Leveraging Knowledge Graphs for Big Data Integration: the XI Pipeline,Philippe Cudré-Mauroux,2020,10.3233/SW-190371,,"Cloud Computing, Data Integration, Knowledge Graph, Machine Learning, Recommendation System, Semantic Web",,Yes,None,10/10
d_2024,d_2024,Question answering over temporal knowledge graphs based on hierarchical semantic extraction,"extracting all the day-level time information in TKG d1, d2, . . . , d<sup>n</sup>, their corresponding time-embedded representations D<sup>d</sup><sup>1</sup> , D<sup>d</sup><sup>2</sup> , . . . , D<sup>d</sup><sup>n</sup> , we aggregate them to obtain the time embedding of monthly granularity Td:",2024,10.1109/SWC62898.2024.00207,https://ieeexplore.ieee.org/document/10924876/,"Temporal Knowledge Graphs, Question Answering, Temporal Reasoning, Multi-granularity",Medium,Yes,None,10/10
das_2025,das_2025,Detection-Fusion for Knowledge Graph Extraction from Videos,"Taniya Das, Louis Mahon, Thomas Lukasiewicz",2025,10.48550/arXiv.2501.00136,https://arxiv.org/abs/2501.00136,,High,Yes,None,10/10
dengel_2023,dengel_2023,Towards Self-organizing Personal Knowledge Assistants in Evolving Corporate Memories,"Andreas Dengel, Christian Jilek, Markus Schröder, Heiko Maus, Sven Schwarz",2023,10.17026/dans-x55-69zp,,,,Yes,None,10/10
din_2019,din_2019,Towards a Flexible System Architecture for Automated Knowledge Base Construction Frameworks,Osman Din,2019,10.14778/2733004.2733069,,,,Yes,None,10/10
discovery_2024,discovery_2024,Automated Monitoring Method for Enterprise Microservices Network Operation Status Based on Database Knowledge Graph,Service Discovery,2024,10.1109/ACCESS.2024.3471689,https://ieeexplore.ieee.org/document/10704355/,"Knowledge Graphs, Enterprise Monitoring, NLP, LSTM, Microservices, Predictive Maintenance",High,Yes,None,10/10
division_2021,division_2021,Data Integration Challenges for Machine Learning in Precision Medicine,"Clinical Research Division, Mexico City, Computational Genomics Division",2021,10.3389/fmed.2021.784455/full,,,,Yes,None,10/10
doerr_2017,doerr_2017,A Workflow Model for Holistic Data Management and Semantic Interoperability in Quantitative Archival Research,Martin Doerr,2017,,,,,Yes,doi_missing,9/10
dragoni_2023,dragoni_2023,Integrating Functional Status Information into Knowledge Graphs to Support Self-Health Management,"Mauro Dragoni, Tania Bailoni, Ivan Donadello, Jean-Claude Martin, Helena Lindgren",2023,10.1162/dint_a_00203,,,,Yes,None,10/10
driskell_2021,driskell_2021,A Lexical Approach to Assessing Stress: Development and Proof- of- Concept,"Tripp Driskell, Eduardo Salas, C. Shawn Burke, James E. Driskell",2021,,,,,Yes,doi_missing,9/10
du_2024,du_2024,CTGNN: Crystal Transformer Graph Neural Network for Crystal Material Property Prediction,"Zijian Du, Luozhijie Jin, Le Shu, Yan Cen, Yuanfeng Xu, Yongfeng Mei",2024,,,,,Yes,doi_missing,9/10
dunbar_2022,dunbar_2022,Driving Digital Engineering Integration and Interoperability Through Semantic Integration of Models with Ontologies,"Daniel Dunbar, Semantic Web, Digital Engineering",2022,10.1002/sys.21592,,,,Yes,None,10/10
editor_2022,editor_2022,Research Article Privacy-Preserving Federated Graph Neural Network Learning on Non-IID Graph Data,Academic Editor,2022,,,,,Yes,doi_missing,9/10
eitan_2023,eitan_2023,Synaptic proteins in neuron-derived extracellular vesicles as biomarkers for Alzheimer's disease: novel methodology and clinical proof of concept,"Erez Eitan, Tricia Thornton-Wells, Katya Elgart, Eren Erden, Eve Gershun, Amir Levine, Olga Volpert, Mitra Azadeh, Daniel G. Smith, Dimitrios Kapogiannis",2023,10.20517/evcna.2023.13,,,,Yes,None,10/10
engineering_2020,engineering_2020,Quality-focused design patterns for digital twin systems Preprint not peer reviewed,Mechatronic Engineering,2020,10.1007/978-3-030-99108-,,,,Yes,None,10/10
esposito_2025,esposito_2025,"Generative AI for Software Architecture. Applications, Challenges, and Future Directions","Matteo Esposito, Xiaozhou Li, Sergio Moreschini, Noman Ahmad, Tomas Cerny, Karthik Vaidhyanathan, Valentina Lenarduzzi, Davide Taibi",2025,10.5281/zenodo.15032395,,,,Yes,None,10/10
fabr_2024,fabr_2024,Privacy-Preserving Graph-Based Machine Learning with Fully Homomorphic Encryption for Collaborative Anti-Money Laundering,"Singapore fabr, anupa",2024,10.48550/arXiv.2411.02926,https://arxiv.org/abs/2411.02926,"Fully Homomorphic Encryption, Privacy-Preserving ML, Collaborative Learning, Graph-based ML, Financial Security",High,Yes,None,10/10
fafrowicz_2022,fafrowicz_2022,Neural spatio‑temporal patterns of information processing related to cognitive conflict and correct or false recognitions,Magdalena Fafrowicz,2022,10.3758/s13423-019-01668-9,,,,Yes,None,10/10
fang_2020,fang_2020,"Deep Learning for Sequential Recommendation: Algorithms, Influential Factors, and Evaluations","Hui Fang, Danning Zhang, Yiheng Shu, Guibing Guo",2020,10.1145/3426723,,,,Yes,None,10/10
farshidi_2021,farshidi_2021,Knowledge sharing and discovery across heterogeneous research infrastructures,"Siamak Farshidi, Xiaofeng Liao, Na Li, Doron Goldfarb, Barbara Magagna, Markus Stocker, Keith Jeffery, Peter Thijsse, Christian Pichot, Andreas Petzold, Zhiming Zhao",2021,10.12688/openreseurope.13677.1,,,,Yes,None,10/10
feng_2024,feng_2024,A contrastive learning framework with dual gates and noise awareness for temporal knowledge graph reasoning,"Siling Feng, Bolin Chen, Qian Liu, Mengxing Huang",2024,,,,,Yes,doi_missing,9/10
ferdousi_2025,ferdousi_2025,RHealthTwin: Towards Responsible and Multimodal Digital Twins for Personalized Well-being,"Rahatara Ferdousi, M. Anwar Hossain Senior Member",2025,,,,,Yes,doi_missing,9/10
ferreira_2019,ferreira_2019,A Survey on Semantic Modeling for Building Energy Management,Miracle Aniakor Vinicius V. Cogo Pedro M. Ferreira,2019,10.3030/957128,,,,Yes,None,10/10
fu_2024,fu_2024,Privacy-Preserving Graph Machine Learning from Data to Computation: A Survey,Dongqi Fu,2024,10.48550/arXiv.2307.04338,https://arxiv.org/abs/2307.04338,,High,Yes,None,10/10
gaffineta_2002,gaffineta_2002,Human Digital Twin: Systematic Literature Review and Concept Disambiguation for Industry 5.0,"Ben Gaffineta, Jana Al Haj Ali, Yannick Naudet",2002,10.2777/308407.,,,,Yes,None,10/10
galke_2021,galke_2021,Lifelong Learning on Evolving Graphs Under the Constraints of Imbalanced Classes and New Classes,"Lukas Galke, Iacopo Vagliano, Benedikt Franke, Tobias Zielke, Marcel Hoffmann, Ansgar Scherp",2021,10.48550/arXiv.2112.10558,https://arxiv.org/abs/2112.10558,"Continual Learning, Temporal Graphs, Class Imbalance, Graph Neural Networks, New Class Detection",High,Yes,None,10/10
galkin_2024,galkin_2024,TGB 2.0: A Benchmark for Learning on Temporal Knowledge Graphs and Heterogeneous Graphs,"Mikhail Galkin, Erfan Loghmani, Emanuele Rossi, Ioannis Koutis, Heiner Stuckenschmidt",2024,10.48550/arXiv.2406.09639,https://arxiv.org/abs/2406.09639,,High,Yes,None,10/10
gambarelli_2022,gambarelli_2022,PRIVAFRAME: A Frame-Based Knowledge Graph for Sensitive Personal Data,"Gaia Gambarelli, Aldo Gangemi",2022,10.3390/bdcc6030090,https://www.mdpi.com/2504-2289/6/3/90,,High,Yes,None,10/10
gao_2024,gao_2024,Large Language Models and Medical Knowledge Grounding for Diagnosis Prediction,"Yanjun Gao, Ruizhe Li, Emma Croxford, Samuel Tesch, Daniel To, John Caskey, Brian W. Patterson, Matthew M. Churpek, Timothy Miller, Dmitriy Dligach, Majid Afshar, Public Health, Wisconsin Madison",2024,,,,,Yes,doi_missing,9/10
gao_2025,gao_2025,HealthGenie: Empowering Users with Healthy Dietary Guidance through Knowledge Graph and Large Language Models,"Fan Gao, Xinjie Zhao, Ding Xia, Zhongyi Zhou, Rui Yang, Jinghui Lu, Hang Jiang, Chanjun Park, Irene Li",2025,10.18653/v1/2021.naacl-main.278,,,,Yes,None,10/10
garg_2022,garg_2022,"Knowledge Graph Completion: A Bird's Eye View on Knowledge Graph Embeddings, Software Libraries, Applications and Challenges","Satvik Garg, Dwaipayan Roy",2022,,,,,Yes,doi_missing,9/10
general_2023,general_2023,Privacy and Fairness in Federated Learning: On the Perspective of Tradeoff,CCS Concepts: • General,2023,10.1145/3606017,,,,Yes,None,10/10
ghani_2020b,ghani_2020b,Issues and challenges in Cloud Storage Architecture: A Survey,"Anwar Ghani, Afzal Badshah, Saeed Ullah Jan, Abdulrahman A. Alshdadi, Ali Daud",2020,10.1109/RpJC.2020.DOI,,,,Yes,doi_placeholder,9/10
giunchiglia_2017,giunchiglia_2017,A Context Model for Personal Data Streams ?,Fausto Giunchiglia,2017,10.48550/ARXIV.2205.10123,,,,Yes,None,10/10
graph_2024,graph_2024,Personalized Entity Resolution with Dynamic Heterogeneous Knowledge Graph Representations,"merging the product knowledge graph, the customer-product graph, we obtain a more comprehensive graph (Figure [1\(](#page-1-0)c)) of higher connectivity. For example, in the original customer-product graph, Customer 1, Customer 2 are disconnected because they do not share any purchase. In the new graph, they have an indirect connection through Product 2, Product 3, which share the same flavor, ingredient.",2024,arXiv:2104.02667,https://arxiv.org/abs/2104.02667,"Entity Resolution, Heterogeneous Knowledge Graphs, Personalization, Cross-Source Integration",High,Yes,doi_invalid_format,9/10
graphs_2018,graphs_2018,Knowledge Graph Building Blocks: An easy-to-use Framework for developing FAIREr Knowledge Graphs,"Knowledge graphs, Reusable data, KGBBs to manage",2018,10.1007/978-3-030-61244-3,,,,Yes,None,10/10
group_2009,group_2009,Consistency Rationing in the Cloud: Pay only when it matters,Systems Group,2009,,,,,Yes,doi_missing,9/10
guan_2023,guan_2023,Design Frameworks for Hyper-Connected Social XRI Immersive Metaverse Environments,"Jie Guan, Canada {jie.guan",2023,10.1109/MNET.005.2300129.,,,,Yes,None,10/10
gupta_2021,gupta_2021,Personalized Artificial General Intelligence (AGI) via Neuroscience-Inspired Continuous Learning Systems,"Rajeev Gupta, Suhani Gupta, Ronak Parikh, Divya Gupta, Amir Javaheri, Jairaj Singh Shaktawat, Neuro Health Alliance",2021,10.1126/science.1089662,,,,Yes,None,10/10
gyrarda_2024,gyrarda_2024,IoT-Based Preventive Mental Health Using Knowledge Graphs and Standards for Better Well-Being,"Amelie Gyrarda, Seyedali Mohammadi, Manas Gaur, Antonio Kung, Mental Health",2024,,,,,Yes,doi_missing,9/10
haindl_2022,haindl_2022,Towards a Reference Software Architecture for Human-AI Teaming in Smart Manufacturing,"Philipp Haindl, Maqbool Khan, Georg Buchgeher, Bernhard Moser",2022,10.1145/3510455.3512788,,,,Yes,None,10/10
hbscher_2020,hbscher_2020,"Integration of Knowledge and Task Management in an Evolving, Communication-intensive Environment",Gerd Hübscher Hübscher,2020,10.1145/3428757.3429260,,,,Yes,None,10/10
hendler_2014,hendler_2014,Data Integration for Heterogeneous Datasets,James Hendler,2014,,,,,Yes,doi_missing,9/10
herath_2024,herath_2024,Smart City Digital Twins: A Modular and Adaptive Architecture for Real-Time Data-Driven Urban Management,"Manoj Herath, Maira Alvi, Roberto Minerva, Hrishikesh Dutta, Noel Crespi, Syed Mohsan Raza",2024,10.1109/ACCESS.2024.3520255,https://ieeexplore.ieee.org/document/10814627/,"Digital Twin, Real-time Systems, Urban Management, Edge-Cloud Computing, Modular Architecture",High,Yes,None,10/10
hewasinghage_2016,hewasinghage_2016,Managing polyglot systems metadata with hypergraphs,"Moditha Hewasinghage, Alberto Abelló, Jovan Varga, Esteban Zimányi",2016,,,,,Yes,doi_missing,9/10
hildebrandt_2014,hildebrandt_2014,TLogic: Temporal Logical Rules for Explainable Link Forecasting on Temporal Knowledge Graphs,"Marcel Hildebrandt, Mitchell Joblin",2014,,,,,Yes,doi_missing,9/10
ho_2024,ho_2024,Cross-Data Knowledge Graph Construction for LLM-enabled Educational Question-Answering System: A Case Study at HCMUT,"Bao Ho, Oanh Tran, Long Nguyen, Phuong Nguyen, Thang Bui",2024,10.1145/3643479.3662055,https://arxiv.org/abs/2404.09296,,High,Yes,None,10/10
hoang_2025,hoang_2025,"Knowledge Graph Fusion with Large Language Models for Accurate, Explainable Manufacturing Process Planning","Danny Hoang, David Gorsich, Matthew P. Castanier, Farhad Imani",2025,10.48550/arXiv.2506.13026,https://arxiv.org/abs/2506.13026,,High,Yes,None,10/10
hofer_2023,hofer_2023,Construction of Knowledge Graphs: State and Challenges,"Marvin Hofer, Daniel Obraczka, Alieh Saeedi, Hanna Köpcke, Erhard Rahm",2023,10.1145/3289600.3290956.,,,,Yes,None,10/10
hohenfellner_2025,hohenfellner_2025,Design for a Digital Twin in Clinical Patient Care,"Markus Hohenfellner, Physikalisches Institut",2025,,,,,Yes,doi_missing,9/10
hoseini_2024,hoseini_2024,"A survey on semantic data management as intersection of ontology-based data access, semantic modeling and data lakes","Sayed Hoseini, Johannes Theissen-Lipp, Christoph Quix",2024,10.1016/j.websem.2024.100819,,,,Yes,None,10/10
hu_2021,hu_2021,CODEXGRAPH: Bridging Large Language Models and Code Repositories via Code Graph Databases,"Zhiyuan Hu, Yang Liu, Zhicheng Zhang, Fei Wang, Michael Shieh, Wenmeng Zhou",2021,10.1561/1500000019.,,,,Yes,None,10/10
hu_2024,hu_2024,User Behavior Enriched Temporal Knowledge Graphs for Sequential Recommendation,Hengchang Hu,2024,10.1145/3616855.3635762,https://dl.acm.org/doi/10.1145/3616855.3635762,,High,Yes,None,10/10
huaman_2012,huaman_2012,Steps to Knowledge Graphs Quality Assessment,Elwin Huaman,2012,10.3233/SW-170275,,,,Yes,None,10/10
huang_2021,huang_2021,"1+1>2: Programming Know-What and Know-How Knowledge Fusion, Semantic Enrichment and Coherent Application","Qing Huang, Zhiqiang Yuan, Zhenchang Xing, Zhengkang Zuo, Changjing Wang, Xin Xia",2021,10.1145/1294261.1294276,,,,Yes,None,10/10
hur_2023,hur_2023,Unifying context with labeled property graph: A pipeline-based system for comprehensive text representation in NLP,"Ali Hur, Naeem Janjua, Mohiuddin Ahmed",2023,10.1016/j.eswa.2023.122269,,,,Yes,None,10/10
ilievski_2018,ilievski_2018,Identifying and Consolidating Knowledge Engineering Requirements,"Filip Ilievski, Saurav Joshi, Bradley P. Allen",2018,10.1145/3442188.,,,,Yes,None,10/10
ilkou_2022a,ilkou_2022a,Personal Knowledge Graphs: Use Cases in e-learning Platforms,Eleni Ilkou,2022,10.1145/3487553.3524196,,,,Yes,None,10/10
intel_2017,intel_2017,"Large Scale Multimodal Data Capture, Evaluation and Maintenance Framework for Autonomous Driving Datasets",Nitheesh K. Lakshminarayana Intel,2017,,,,,Yes,doi_missing,9/10
isws_2019,isws_2019,Knowledge Graphs Evolution and Preservation,A Technical Report from ISWS,2019,10.1007/978-3-642-41338-4,,,,Yes,None,10/10
janakiramal_2024,janakiramal_2024,A Hybrid Optimization and Machine Learning Framework for Urban Traffic Management Using Cyber-Physical Digital Twin Architecture,"India janakiramal, India eanbalagan",2024,10.1109/TEM.2024.3520255,https://ieeexplore.ieee.org/document/10983125/,"Digital Twin, Hybrid Optimization, Machine Learning, Traffic Management, Cyber-Physical Systems",Medium,Yes,None,10/10
jeunehomme_2020,jeunehomme_2020,The temporal compression of events during episodic future thinking,"Olivier Jeunehomme, Nathan Leroy, Arnaud D'Argembeau",2020,10.1016/j.cognition.2020.104416,,,,Yes,None,10/10
jiang_2024,jiang_2024,Digital twin system for manufacturing processes based on a multi-layer knowledge graph model,Dongsheng Jiang,2024,10.1016/j.jmsy.2021.05.010,,,,Yes,None,10/10
jinheonbae_2024,jinheonbae_2024,Knowledge-Augmented Large Language Models for Personalized Contextual Query Suggestion,"South Korea jinheon.bae, USA niru, USA allen, USA silvi, USA sjauha",2024,10.48550/arXiv.2311.06318,https://arxiv.org/abs/2311.06318,"LLM Personalization, Knowledge Augmentation, Contextual Query Suggestion, Privacy-Preserving User Modeling, Search Log Mining",High,Yes,None,10/10
e065929_full,joosse_2023,Sustainable Development Goal indicator for measuring availability and affordability of medicines for children: a proof-of-concept study,"Iris R Joosse, Aukje K Mantel-Teeuwisse, Fatima Suleman, Hendrika A van den Ham",2023,10.1136/bmjopen-2022-065929,,,,No,folder_mismatch,9/10
joosse_2023,joosse_2023,Sustainable Development Goal indicator for measuring availability and affordability of medicines for children: a proof-of-concept study,"Iris R Joosse, Fatima Suleman",2023,10.1136/bmjopen-2022-065929,,,,Yes,None,10/10
kalmuk_2024,kalmuk_2024,Native Cloud Object Storage in Db2 Warehouse:,"David Kalmuk, Kostas Rakopoulos, Robert C. Hooper, Patrick Perez, Daniel C. Zilio, Christian Garcia-Arellano, Hamdi Roumani, Matthew Emmerton, Aleksandrs Santars, Imran Sayyid, Krishna K. Ramachandran, Ronald Barber, William Minor, Zach Hoggard, Michael Chen, Humphrey Li, Yiren Shen, Richard Sidle, Alexander Cheung, Scott Walkty, Matthew Olan, Ketan Rampurkar",2024,10.1145/3626246.3653393,,,,Yes,None,10/10
kaplan_2021,kaplan_2021,A Classification for Managing Software Engineering Knowledge,"Angelika Kaplan, Maximilian Walter, Robert Heinrich",2021,10.1145/3463274.3463357,,,,Yes,None,10/10
karras_2020,karras_2020,Divide and Conquer the EmpiRE: A Community-Maintainable Knowledge Graph of Empirical Research in Requirements Engineering,Oliver Karras,2020,10.48366/r255464,,,,Yes,None,10/10
karray_2023,karray_2023,Secure Federated Learning With Fully Homomorphic Encryption for IoT Communications,Fakhri Karray,2023,10.1109/JIOT.2023.3302065,,,,Yes,None,10/10
kejriwal_2023,kejriwal_2023,Named Entity Resolution in Personal Knowledge Graphs,Mayank Kejriwal,2023,arXiv:2307.12173,https://arxiv.org/abs/2307.12173,,High,Yes,doi_invalid_format,9/10
kerkemeier_2024,kerkemeier_2024,nekCRF: A next generation high-order reactive low Mach flow solver for direct numerical simulations,"Stefan Kerkemeier, Christos E. Frouzakis, Ananias G. Tomboulides, Paul Fischer, Mathis Bodee",2024,,,,,Yes,doi_missing,9/10
khan_2024,khan_2024,Data Management Opportunities in Unifying Large Language Models+Knowledge Graphs,"Arijit Khan, Tianxing Wu, Xi Chen",2024,,,,,Yes,doi_missing,9/10
khatib_2024,khatib_2024,"Patient-Centric Knowledge Graphs: A Survey of Current Methods, Challenges, and Applications","Hassan S. Al Khatib, Subash Neupane, Harish Kumar Manchukonda, Noorbakhsh Amiri Golilarz, Sudip Mittal, Amin Amirlatifi, Shahram Rahimi",2024,10.3389/frai.2024.1388479,,,,Yes,None,10/10
khovricheva_2019,khovricheva_2019,Intelligent Approach for Heterogeneous Data Integration: Information Processes Analysis Engine in Clinical Remote Monitoring Systems,"Mikhail Khovricheva, Liubov Elkhovskaya, Vladimir Fonin, Marina Balakhontceva",2019,10.1016/j.procs.2019.08.188,,,,Yes,None,10/10
kim_2023,kim_2023,Guidelines for designing an automated multimodal textual annotation system,"Joshua Y. Kim, Kalina Yacef",2023,10.1145/3610661.3616182,,,,Yes,None,10/10
kim_2024,kim_2024,Leveraging Knowledge Graph-Based Human-Like Memory Systems to Solve Partially Observable Markov Decision Processes,"Taewoon Kim, Michael Cochez",2024,10.48550/arXiv.2408.05861,https://arxiv.org/abs/2408.05861,,High,Yes,None,10/10
kimmathematics_2016,kimmathematics_2016,Advances in Privacy Preserving Federated Learning to Realize a Truly Learning Healthcare System,Kibaek KimMathematics,2016,,,,,Yes,doi_missing,9/10
kimura_2025,kimura_2025,InfoMAE: Pair-Efficient Cross-Modal Alignment for Multimodal Time-Series Sensing Signals,"Tomoyoshi Kimura, Yizhuo Chen Denizhan Kara, Shengzhong Liu, Xinlin Li, Osama Hanna, Mani Srivastava Suhas Diggavi, Yatong Chen, Xiaomin Ouyang",2025,10.1145/3696410.3714853,,,,Yes,None,10/10
korobko_2019,korobko_2019,Matching disparate dimensions for analytical integration of heterogeneous data sources,"Anna Korobko, New York",2019,10.1145/3297662.3365809,,,,Yes,None,10/10
koutsoubisa_2017,koutsoubisa_2017,Privacy Preserving Federated Learning in Medical Imaging with Uncertainty Estimation,"Nikolas Koutsoubisa, Yasin Yilmaz, Ravi P. Ramachandran, Matthew Schabath, Ghulam Rasool, Machine Learning, Cancer Center, Cancer Epidemiology, South Florida",2017,,,,,Yes,doi_missing,9/10
kumar_2021,kumar_2021,Data Harmonization for Heterogeneous Datasets: A Systematic Literature Review,"Ganesh Kumar, Shuib Basri, Abdullahi Abubakar Imam, Sunder Ali Khowaja, Luiz Fernando Capretz, Abdullateef Oluwagbemiga Balogun",2021,10.3390/app11178275,,,,Yes,None,10/10
lee_2024,lee_2024,Multimodal Reasoning with Multimodal Knowledge Graph,"Junlin Lee, Yequan Wang, Jing Li, Min Zhang",2024,arXiv:2406.02030,https://arxiv.org/html/2406.02030v1,"Multimodal Knowledge Graphs, LLM Enhancement, Cross-modal Reasoning, Parameter Efficiency, Personal Data Integration",High,Yes,doi_invalid_format,9/10
leixiawan_2024,leixiawan_2024,PriPL-Tree: Accurate Range Query for Arbitrary Distribution under Local Differential Privacy,"Accurate Range Query for Arbitrary Distribution under Local Differential Privacy Leixia Wang Renmin University of China leixiawan, Haibo Hu Hong Kong Polytechnic University haibo.h, preserving the privacy of their Qingqing Ye Hong Kong Polytechnic University qqing.y, Renmin University of China xfmen",2024,arXiv:2407.13532,https://arxiv.org/abs/2407.13532,"Local Differential Privacy, Range Queries, Privacy-Preserving Data, Piecewise Linear Modeling, Data Distribution",High,Yes,doi_invalid_format,9/10
leroy_2024,leroy_2024,The role of working memory capacity in the temporal compression of episodic memories: An individual differences approach,"Nathan Leroy, Steve Majerus, Arnaud D'Argembeau",2024,10.1037/xlm0001350,,,,Yes,None,10/10
leskinen_2015,leskinen_2015,Integrating Historical Person Registers as Linked Open Data in the WarSampo Knowledge Graph,"Petri Leskinen, Digital Humanities",2015,10.5281/zenodo.3431121.,,,,Yes,None,10/10
li_2018,li_2018,AIstorian lets AI be a historian: A KG-powered multi-agent system for accurate biography generation,"Fengyu Li, Yilin Li, Junhao Zhu, Lu Chen, Yanfei Zhang, Jia Zhou",2018,10.18653/v1/2024.emnlp-main.845,,,,Yes,None,10/10
li_2020,li_2020,On a Factorial Knowledge Architecture for Data Science-powered Software Engineering,Zheng Li,2020,10.1371/journal.pone.0021101.,,,,Yes,None,10/10
li_2021,li_2021,Temporal Knowledge Graph Reasoning Based on Evolutional Representation Learning,Wei Li,2021,10.1145/3404835.3462963,,,,Yes,None,10/10
li_2022,li_2022,Microservice extraction based on knowledge graph from monolithic applications,"Zhiding Li, Chenqi Shang, Jianjie Wu, Yuan Li",2022,10.1016/j.infsof.2022.106992,https://doi.org/10.1016/j.infsof.2022.106992,,,Yes,None,10/10
li_2022a,li_2022a,"Toward the Tradeoffs between Privacy, Fairness and Utility in Federated Learning",Jianhua Li,2022,,,,,Yes,doi_missing,9/10
li_2022b,li_2022b,Auditing Privacy Defenses in Federated Learning via Generative Gradient Leakage,"Zhuohang Li, Jiaxin Zhang, Luyang Liu, Jian Liu",2022,,,,,Yes,doi_missing,9/10
li_2023a,li_2023a,A Blockchain-Based Personal Health Knowledge Graph for Secure Integrated Health Data Management,"Juan Li, Vikram Pandey, Rasha Hendawi",2023,10.1109/ISCC58397.2023.10218032,https://ieeexplore.ieee.org/document/10218032/,,High,Yes,None,10/10
li_2023b,li_2023b,"Knowledge Graphs in Practice: Characterizing their Users, Challenges, and Visualization Opportunities","Harry Li, Gabriel Appleby, Camelia Daniela Brumar, Remco Chang, Ashley Suh",2023,10.1109/TVCG.2023.3326904,,,,Yes,None,10/10
li_2024,li_2024,Construction and Application Research of Intelligent Education Knowledge Graph Based on Multi-modal Learning,"Haiping Li, Wenjing Duan",2024,10.1109/IECA63684.2024.10624590,https://ieeexplore.ieee.org/document/10624590/,"Multi-modal Learning, Intelligent Education, Knowledge Graph Construction, Personalized Learning, Educational Technology",High,Yes,None,10/10
li_2025,li_2025,KnowCoder-V2: Deep Knowledge Analysis,"Zixuan Li, Wenxuan Liu, Long Bai, Chunmao Zhang, Wei Li, Fenghui Zhang, Quanxin Jin, Ruoyun He, Zhuo Chen, Zhilei Hu, Fei Wang, Bingbing Xu, Xuhui Jiang, Xiaolong Jin, Jiafeng Guo, Xueqi Cheng",2025,10.1016/j.jbi.2012.04.008.,,,,Yes,None,10/10
liang_2021,liang_2021,MULTIBENCH: Multiscale Benchmarks for Multimodal Representation Learning,"Paul Pu Liang, Yiwei Lyu, Xiang Fan, Zetian Wu, Yun Cheng, Jason Wu, Leslie Chen, Peter Wu, Michelle A. Lee, Yuke Zhu, Ruslan Salakhutdinov, Philippe Morency, Johns Hopkins",2021,,,,,Yes,doi_missing,9/10
liao_2023,liao_2023,GenTKG: Generative Forecasting on Temporal Knowledge Graph with Large Language Models,"Ruotong Liao, Xu Jia, Yangzhe Li, Yunpu Ma, Volker Tresp, Donald Trump, Joe Biden",2023,10.18653/v1/2023.nlrse-1.7,,,,Yes,None,10/10
lim_2010,lim_2010,Key Management for Large-Scale Distributed Storage Systems,Hoon Wei Lim,2010,,,,,Yes,doi_missing,9/10
lin_2022,lin_2022,Knowledge Management System with NLP-Assisted Annotations: A Brief Survey and Outlook,Baihan Lin,2022,,,,,Yes,doi_missing,9/10
lin_2024a,lin_2024a,Human Digital Twin: A Survey,"Yujia Lin, Liming Chen, Aftab Ali, Christopher Nugent, Cleland Ian, Rongyang Li, Dazhi Gao, Hang Wang, Yajie Wang, Huansheng Ning",2024,,,,,Yes,doi_missing,9/10
lin_2024b,lin_2024b,LinkGuard: Link Locally Privacy-Preserving Graph Neural Networks with Integrated Denoising and Private Learning,Xi Lin,2024,10.1145/3589335.3651533,https://dl.acm.org/doi/10.1145/3589335.3651533,,High,Yes,None,10/10
liu_2020,liu_2020,Web of Scholars: A Scholar Knowledge Graph,"Jiaying Liu, Ivan Lee",2020,10.1145/3397271.3401405,,,,Yes,None,10/10
liu_2021,liu_2021,A Study on Temporal Knowledge Graph Enrichment,"Yu Liu, Wen Hua, Xiaofang Zhou",2021,10.1007/978-3-030-12079-5_2,,,,Yes,None,10/10
liu_2022,liu_2022,Developing Knowledge Graph Based System for Urban Computing,"Yu Liu, Jingtao Ding, Yong Li",2022,10.1145/3557990.3567586,,,,Yes,None,10/10
liu_2024a,liu_2024a,Personalized and Privacy-Preserving Federated Graph Neural Network,"Yanjun Liu, Hongwei Li, Meng Hao",2024,10.3389/fphy.2024.1383276,,,,Yes,None,10/10
liu_2024b,liu_2024b,Deep Learning Methods for Biomedical Data Integration,"Ting Liu, K. Anton Feenstra, Zhisheng Huang, Jaap Heringa",2024,10.1093/bioinformatics/btad771,https://academic.oup.com/bioinformatics/article/doi/10.1093/bioinformatics/btad771/7499340,"Deep Learning, Biomedical Data Integration, Healthcare AI, Multi-modal Fusion",High,Yes,None,10/10
liu_2025,liu_2025,A Temporal Knowledge Graph Reasoning Model Based on Recurrent Encoding and Contrastive Learning,"Weitong Liu, Khairunnisa Hasikin, Anis Salwa Mohd Khairuddin, Meizhen Liu, Xuechen Zhao",2025,10.7717/peerj-cs.2595,,,,Yes,None,10/10
liyitong_2024,liyitong_2024,A Unified Temporal Knowledge Graph Reasoning Model Towards Interpolation and Extrapolation,nudt.edu.cn liyitong,2024,10.48550/arXiv.2405.18106,https://arxiv.org/abs/2405.18106,"Temporal Knowledge Graphs, Unified Reasoning, Interpolation Extrapolation, Neural-Symbolic Reasoning, Temporal Modeling",High,Yes,None,10/10
llms_2024,llms_2024,LLM4EduKG: LLM for Automatic Construction of Educational Knowledge Graph,"means of the context understanding ability of LLMs, extracting EduTriples with the help of Prompt Tuning represents not only an important attempt for semi-automatic knowledge graph to highly automatic construction of EduKGs, but also offers a more user-oriented approach to addressing the challenges faced by traditional methods. It also greatly alleviates the cross-sentence problem commonly encountered in information extraction tasks.",2024,10.1109/NaNA63151.2024.00028,https://ieeexplore.ieee.org/document/10679814/,"Large Language Models, Educational Knowledge Graphs, Automatic Construction, Educational Technology, Knowledge Extraction",High,Yes,None,10/10
longo_2019,longo_2019,Ubiquitous Knowledge empowers the Smart Factory: the impacts of a Service-oriented Digital Twin on enterprises' performance,"Longo, F., Nicoletti, L., Padovano, A.",2019,10.1016/j.arcontrol.2019.01.001.,,,,Yes,None,10/10
lu_2024,lu_2024,A Survey on Benchmarks of Multimodal Large Language Models,"Weiheng Lu, Hao Fei, Meng Luo, Ming Dai, Min Xia, Yizhang Jin, Zhenye Gan, Ding Qi, Chaoyou Fu, Ying Tai, Wankou Yang, Yabiao Wang, Chengjie Wang",2024,,,,,Yes,doi_missing,9/10
luo_2024,luo_2024,Chain of History: Learning and Forecasting with LLMs for Temporal Knowledge Graph Completion,"Ruilin Luo, Tianle Gu, Haoling Li, Junzhe Li, Zicheng Lin, Jiayi Li, Yujiu Yang",2024,10.48550/ARXIV.2309.16609,,,,Yes,None,10/10
lyu_2021,lyu_2021,Privacy-preserving Federated Learning Based on Multi-Key Homomorphic Encryption,"Xixiang Lyu, Jing Ma, Si-Ahmed Naas, Stephan Sigg",2021,,,,,Yes,doi_missing,9/10
m_2024,m_2024,Privacy-preserving in Blockchain-based Federated Learning Systems,"Sameera K. M., Marco Arazzi, Serena Nicolazzo, Antonino Nocera, Rafidha Rehiman K. A., Vinod P., Mauro Conti",2024,,,,,Yes,doi_missing,9/10
ma_2017,ma_2017,Integrate Any Omics: Towards genome-wide data integration for patient stratification,Shihao Ma,2017,,,,,Yes,doi_missing,9/10
maack_2025,maack_2025,The order of multisensory associative sequences is reinstated as context feature during successful recognition,"Marike Christiane Maack, Jan Ostrowski, Michael Rose",2025,10.7554/eLife.91033.1,,,,Yes,None,10/10
mahmud_2025,mahmud_2025,Digital twins as global learning health and disease models for preventive and personalized medicine,Firoj Mahmud,2025,,,,,Yes,doi_missing,9/10
majerus_2009,majerus_2009,Working memory capacity for continuous events: The root of temporal compression in episodic memory?,"Steve Majerus, Arnaud D'Argembeau",2009,10.1016/j.cognition.2024.105789,,,,Yes,None,10/10
majesty_2024,majesty_2024,Developing a proof-of-concept curriculum foundation model for industry 5.0: A primary data survey of built environment academics,"His Majesty, John J Posillico",2024,10.1177/09504222231224090,,,,Yes,None,10/10
majumdar_2013,majumdar_2013,Smart Knowledge Transfer using Google-like Search,"Srijoni Majumdar, Partha Pratim Das",2013,,,,,Yes,doi_missing,9/10
malec_2022,malec_2022,Causal feature selection using a knowledge graph combining structured knowledge from the biomedical literature and ontologies: a use case studying depression as a risk factor for Alzheimer's disease,"Scott A. Malec, Sanya B. Taneja, Steven M. Albert, C. Elizabeth Shaaban, Helmet T. Karim, Arthur S. Levine, Paul Munro, Tiffany J. Callahan, Richard D. Boyce",2022,10.5281/zenodo.6785307.,,,,Yes,None,10/10
mandal_2013,mandal_2013,LLMasMMKG: LLM Assisted Synthetic Multi-Modal Knowledge Graph Creation For Smart City Cognitive Digital Twins,Sukanya Mandal,2013,,,,,Yes,doi_missing,9/10
mandreoli_2010,mandreoli_2010,"Dealing With Data Heterogeneity in a Data Fusion Perspective: Models, Methodologies, and Algorithms","Federica Mandreoli, Scienze Fisiche",2010,,,,,Yes,doi_missing,9/10
mao_2024,mao_2024,A Question-Answering Assistant over Personal Knowledge Graph,Xinyu Mao,2024,10.1145/3626772.3657665,https://dl.acm.org/doi/10.1145/3626772.3657665,"Personal Knowledge Graph, Question Answering, Mobile Applications, Natural Language Interface, Android",High,Yes,None,10/10
maoa_2023,maoa_2023,A Survey on Semantic Processing Techniques,"Rui Maoa, Kai Hec, Xulang Zhangb, Guanyi Chend, Jinjie Nib, Zonglin Yanga, Erik Cambriaa",2023,10.5683/SP2/QPOJSI,,,,Yes,None,10/10
martinez_2022,martinez_2022,Lessons Learnt from a Multimodal Learning Analytics Deployment In-the-Wild,"Roberto Martinez, Vanessa Echeverria, Gloria Fernandez-Nieto, Lixiang Yan, Linxuan Zhao, Riordan Alfredo, Xinyu Li, Samantha Dix, Hollie Jaggard, Rosie Wotherspoon, Abra Osborne, Simon Buckingham Shum, Dragan Gašević",2022,10.1145/3622784,,,,Yes,None,10/10
mazzuto_2023,mazzuto_2023,The resurrection of digital triplet: A cognitive pillar of human-machine integration at the dawn of industry 5.0,"Hassan Alimam  Giovanni Mazzuto, Nicola Tozzi, Filippo Emanuele Ciarapica, Maurizio Bevilacqua",2023,10.1016/j.jksuci.2023.101846,,,,Yes,None,10/10
memoro_2024,memoro_2024,Memoro: Using Large Language Models to Realize a Concise Interface for Real-Time Memory Augmentation,Figure 1: Architecture of Memoro,2024,10.1145/3613904.3642450,,,,Yes,None,10/10
menschikov_2025,menschikov_2025,PersonalAI: Towards digital twins in the graph form,"Mikhail Menschikov, Dmitry Evseev, Ruslan Kostoev, Ilya Perepechkin, Ilnaz Salimov, Victoria Dochkina, Petr Anokhin, Evgeny Burnaev, Nikita Semenov",2025,10.48550/arXiv.2506.17001,https://arxiv.org/abs/2506.17001,,High,Yes,None,10/10
messner_2015,messner_2015,Temporal Knowledge Graph Completion Using Box Embeddings,"Johannes Messner, Ralph Abboud",2015,10.5281/zenodo.22558,,,,Yes,None,10/10
mia_2020,mia_2020,QuanCrypt-FL: Quantized Homomorphic Encryption with Pruning for Secure Federated Learning,"Md Jueal Mia, M. Hadi Amini, Senior Member, IEEE",2020,,,,,Yes,doi_missing,9/10
mishra_2024,mishra_2024,Knowledge graph driven medicine recommendation system using graph neural networks on longitudinal medical records,"R. Mishra, S. Shridevi",2024,10.1038/s41598-024-75784-5,https://www.nature.com/articles/s41598-024-75784-5,"Knowledge Graph-Driven Medicine, Graph Neural Networks, Longitudinal Medical Records, Personalized Healthcare, Drug-Drug Interactions",High,Yes,None,10/10
models_2016,models_2016,Time-R1: Towards Comprehensive Temporal Reasoning in LLMs,"Large Language Models, Temporal Reasoning",2016,,,,,Yes,doi_missing,9/10
models_2018,models_2018,Affordable AI Assistants with Knowledge Graph of Thoughts,Large Language Models,2018,10.48550/arXiv.2307.11278,,,,Yes,None,10/10
modoni_2023,modoni_2023,A Human Digital-Twin-Based Framework Driving Human Centricity towards Industry 5.0,"Gianfranco E. Modoni, Marco Sacco",2023,10.3390/s23136054,,,,Yes,None,10/10
mohammadi_2024,mohammadi_2024,Balancing privacy and performance in federated learning: A systematic literature review on methods and metrics,"Samaneh Mohammadi, Ali Balador, Sima Sinaei, Francesco Flammini",2024,10.1016/j.jpdc.2024.104918,,,,Yes,None,10/10
mohammed_2024,mohammed_2024,A Human Digital Twin Architecture for Knowledge-based Interactions and Context-Aware Conversations,"Abdul Mannan Mohammed, Azhar Ali Mohammad, Jason A. Ortiz, Carsten Neumann, Grace Bochenek",2024,10.1016/j.cmpbup.2021.100014,,,,Yes,None,10/10
mohbat_2025,mohbat_2025,KERL: Knowledge-Enhanced Personalized Recipe Recommendation using Large Language Models,"Fnu Mohbat, Mohammed J. Zaki",2025,,,,,Yes,doi_missing,9/10
namesurnam_2023,namesurnam_2023,HHT: An Approach for Representing Temporally-Evolving Historical Territories,de Toulouse name.surnam,2023,10.1007/978-3-031-33455-9_25,https://hal.science/hal-04283672v1,"Temporal Ontologies, Historical Territories, ESWC 2023, Spatial-Temporal Modeling, Knowledge Graphs",High,Yes,None,10/10
nath_2024,nath_2024,Knowledge Graph Generation and Enabling Multidimensional Analytics on Bangladesh Agricultural Data,Rudra Pratap Deb Nath,2024,10.1109/ACCESS.2024.3409957,https://ieeexplore.ieee.org/document/10559964/,"Knowledge Graph Construction, Agricultural Data, Semantic Integration, FAIR Principles, Multidimensional Analytics",Medium,Yes,None,10/10
naudet_2023,naudet_2023,Preliminary Systemic Model of (Human) Digital Twin,Yannick Naudet,2023,10.1145/3594806.3596596,,,,Yes,None,10/10
nguyen_2022,nguyen_2022,Multimodal Object Detection Using Depth and Image Data for Manufacturing Parts,"Vinh Nguyen, Engineering Mechanics",2022,10.1016/j.neucom.2021.11.097.,,,,Yes,None,10/10
noise_2024,noise_2024,DPSUR: Accelerating Differentially Private Stochastic Gradient Descent Using Selective Update and Release,"adding random noise, we can achieve differential privacy for a function : X → R according to Definition 2.1. The sensitivity determines how much noise is needed, is defined as follow.",2024,arXiv:2311.14056,https://arxiv.org/abs/2311.14056,"Differential Privacy, Machine Learning, Privacy-Preserving Training, Selective Updates, Gradient Descent",High,Yes,doi_invalid_format,9/10
nye_2023,nye_2023,Digital Twins for Patient Care via Knowledge Graphs and Closed-Form Continuous-Time Liquid Neural Networks,Logan Nye,2023,,,,,Yes,doi_missing,9/10
olusanya_2023,olusanya_2023,Digital Personal Health Coaching Platform for Promoting Human Papillomavirus Infection Vaccinations and Cancer Prevention: Knowledge Graph-Based Recommendation System,"Olufunto A Olusanya, Lokesh Chinthala, Xiaolei Huang, Brianna M White",2023,10.2196/50210,https://formative.jmir.org/2023/1/e50210,,High,Yes,None,10/10
oss_2024,oss_2024,Graph Neural Networks for Heart Failure Prediction on an EHR-Based Patient Similarity Graph,"Heloisa Oss, Ali Amirahmadi, Amira Soliman, Stefan Byttner, Mariana Recamonde",2024,arXiv:2411.19742,https://arxiv.org/abs/2411.19742,"Graph Neural Networks, Heart Failure Prediction, Patient Similarity Graphs, Electronic Health Records, Healthcare Predictive Analytics",High,Yes,doi_invalid_format,9/10
pan_2021,pan_2021,HGE: Embedding Temporal Knowledge Graphs in a Product Space of Heterogeneous Geometric Subspaces,"Jiaxin Pan, Mojtaba Nayyeri, Yinan Li",2021,,,,,Yes,doi_missing,9/10
pan_2024,pan_2024,Unifying Large Language Models and Knowledge Graphs: A Roadmap,"Shirui Pan, Senior Member, Linhao Luo, Yufei Wang, Chen Chen, Jiapu Wang, Xindong Wu",2024,10.1109/TKDE.2024.3352100,https://ieeexplore.ieee.org/document/10387715/,,High,Yes,None,10/10
pan_2025,pan_2025,Structural Entropy Guided Agent for Detecting and Repairing Knowledge Deficiencies in LLMs,"Tengfei Pan, Artificial Intelligence",2025,10.18653/v1/2023.findings-acl.551,,,,Yes,None,10/10
paperbased_2021,paperbased_2021,The effects of university students' fragmented reading on cognitive development in the new media age: evidence from Chinese higher education,Methods. Paper-based,2021,10.7717/peerj.13861,,"Healthcare, Machine Learning, Mental Health, Temporal",,Yes,None,10/10
pareja_2020,pareja_2020,EvolveGCN: Evolving Graph Convolutional Networks for Dynamic Graphs,"Aldo Pareja, Giacomo Domeniconi, Jie Chen, Tengfei Ma, Toyotaro Suzumura, Hiroki Kanezashi, Tim Kaler, Tao B. Schardl, Charles E. Leiserson",2020,10.48550/arXiv.1902.10191,https://arxiv.org/abs/1902.10191,,High,Yes,None,10/10
parsers_2024,parsers_2024,Docs2KG: Unified Knowledge Graph Construction from Heterogeneous Documents Assisted by Large Language Models,"combining parsers, document segmentation models, Doc2KG can parse different heterogeneous, unstructured documents for subsequent integration into a unified KG. The modualised approach we are taking allow for flexible configuration, combination of the processing modules to optimise computation resource usage.",2024,10.48550/arXiv.2406.02962,https://arxiv.org/abs/2406.02962,"Knowledge Graphs, Data Integration, Large Language Models, Enterprise Data, Information Retrieval, Heterogeneous Documents",High,Yes,None,10/10
pascual_2022,pascual_2022,A Systematic Review on Human Modeling: Digging into Human Digital Twin Implementations,"Heribert Pascual, Xavi Masip-Bruin, Albert Alonso, Judit Cerdá",2022,10.1109/ACCESS.2019.2953499,,,,Yes,None,10/10
peng_2019,peng_2019,A literature review of current technologies on health data integration for patient-centered health management,"Cong Peng, Prashant Goswami, Guohua Bai",2019,10.1177/1460458219892387,,,,Yes,None,10/10
peng_2021,peng_2021,Knowledge Graphs: Opportunities and Challenges,"Ciyuan Peng, Mehdi Naseriparsa, Francesco Osborne, Computing Technologies",2021,,,,,Yes,doi_missing,9/10
piechocki_2022,piechocki_2022,Multimodal sensor fusion in the latent representation space,"Robert J. Piechocki, Xiaoyang Wang, Mohammud J. Bocus",2022,10.1038/s41598-022-24754-w,,,,Yes,None,10/10
plailly_2019,plailly_2019,Incorporation of fragmented visuoolfactory episodic memory into dreams and its association with memory performance,"J. Plailly, M.Villalba, R.Vallat, A. Nicolas & P. Ruby",2019,10.1038/s41598-019-51497-y,,,,Yes,None,10/10
pokrywka_2024,pokrywka_2024,Evaluating Transformer Models for Suicide Risk Detection on Social Media,"Jakub Pokrywka, Jeremi I. Kaczmarek, Edward J. Gorzelańczyk",2024,10.48550/arXiv.2410.08375,https://arxiv.org/html/2410.08375v1,"Suicide Risk Detection, Transformer Models, Social Media Analysis, Mental Health Tech, NLP for Healthcare",High,Yes,None,10/10
prahlad_2025,prahlad_2025,Personalizing Large Language Models using Retrieval Augmented Generation and Knowledge Graph,Deeksha Prahlad,2025,arXiv:2505.09945,https://arxiv.org/html/2505.09945v1,,High,Yes,doi_invalid_format,9/10
presutti_2019,presutti_2019,Pattern-based Visualization of Knowledge Graphs,"Valentina Presutti, Luigi Asprino, Christian Colonna, Misael Mongiovì, Margherita Porena",2019,,,,,Yes,doi_missing,9/10
pugliese_2024,pugliese_2024,"Agentic Publications: An LLM-Driven Framework for Interactive Scientific Publishing, Supplementing Traditional Papers with AI-Powered Knowledge Systems","Roberto Pugliese, George Kourousias, Francesco Venier, Grazia Garlatti Costa, Via Alfonso Valerio",2024,10.34965/agenticpublication.3567a,,,,Yes,None,10/10
qin_2024,qin_2024,Multi-behavior Session-based Recommendation via Graph Reinforcement Learning,Shuo Qin,2024,N/A,https://proceedings.mlr.press/v222/qin24a.html,,High,Yes,doi_invalid_format,9/10
rad_2024,rad_2024,Personalized Diabetes Management with Digital Twins: A Patient-Centric Knowledge Graph Approach,"Fatemeh Sarani Rad, Rasha Hendawi, Xinyi Yang, Juan Li",2024,10.3390/jpm14040359,,,,Yes,None,10/10
rakuten_2020,rakuten_2020,Towards Temporal Knowledge Graph Embeddings with Arbitrary Time Precision,"Julien Leblay Rakuten, Xin Liu, Julien Leblay",2020,10.1145/3340531.,,,,Yes,None,10/10
ramonell_2023,ramonell_2023,Knowledge graph-based data integration system for digital twins of built assets,"Carlos Ramonell, Rolando Chacon, ´ H´ector Posada",2023,10.1016/j.autcon.2023.105109,,,,Yes,None,10/10
rao_2016,rao_2016,A Selective Homomorphic Encryption Approach for Faster Privacy-Preserving Federated Learning,Abdulkadir Korkmaz · Praveen Rao,2016,,,,,Yes,doi_missing,9/10
rashahendaw_2024,rashahendaw_2024,Comprehensive Personal Health Knowledge Graph for Effective Management and Utilization of Personal Health Data,USA rasha.hendaw,2024,10.1109/AIMHC59811.2024.00026,https://ieeexplore.ieee.org/document/10504339/,"Personal Health Knowledge Graphs, Electronic Health Records, Wearable Devices, Health Data Integration",High,Yes,None,10/10
rastogi_2020,rastogi_2020,Personal Health Knowledge Graphs for Patients,"Nidhi Rastogi, Mohammed J. Zaki",2020,10.48550/arXiv.2004.00071,https://arxiv.org/abs/2004.00071,"PKG, Personal Health Knowledge Graphs, Health Informatics, Data Integration, Patient Centered Care, AI",High,Yes,None,10/10
ren_2023,ren_2023,Recommendation System Based on Temporal Knowledge Graph Path Reasoning,"Haoyuan Ren, Liangzhong Cui",2023,10.1145/3630138.3630436,,,,Yes,None,10/10
ren_2025,ren_2025,Enhancing Repository-Level Software Repair via Repository-Aware Knowledge Graphs,"Jiadong Ren, Shunfu Jin, Yang Liu, Feng Liu, Bach Le",2025,10.1145/nnnnnnn.nnnnnnn,,,,Yes,doi_placeholder,9/10
reyna_2022,reyna_2022,Heart Murmur Detection from Phonocardiogram Recordings: The George B. Moody PhysioNet Challenge 2022,"Matthew A. Reyna, Yashar Kiarashi, Andoni Elola, Jorge Oliveira, Francesco Renna, Annie Gu, Erick A. Perez Alday, Ashish Sharma, Sandra Mattos, Miguel T. Coimbra, Reza Sameni, Ali Bahrami Rad, Biomedical Informatics, Universidade Portucalense, Medicina Fetal, Biomedical Engineering",2022,10.1101/2022.08.11.22278688,http://medrxiv.org/lookup/doi/10.1101/2022.08.11.22278688,,Medium,Yes,None,10/10
reznik_2021,reznik_2021,Exploring the role of dimensionality transformation in episodic memory,Daniel Reznik,2021,10.1101/2023.02.04.,,,,Yes,None,10/10
rilling_2008,rilling_2008,Beyond Information Silos — An Omnipresent Approach to Software Evolution,"Juergen Rilling, Rene Witte, Philipp Schuegerl, Philippe Charland",2008,,,,,Yes,doi_missing,9/10
rossi_2020,rossi_2020,Temporal Graph Networks for Deep Learning on Dynamic Graphs,Emanuele Rossi,2020,10.48550/arXiv.2006.10637,https://arxiv.org/abs/2006.10637,,High,Yes,None,10/10
rushangeng_2014,rushangeng_2014,Learning temporal granularity with quadruplet networks for temporal knowledge graph completion,"RushanGeng, Cuicui Luo",2014,,,,,Yes,doi_missing,9/10
saad_2025,saad_2025,SENAI: Towards Software Engineering Native Generative Artificial Intelligence,Mootez Saad,2025,10.1145/nnnnnnn.nnnnnnn,,,,Yes,doi_placeholder,9/10
saharghassab_2023,saharghassab_2023,Leveraging Knowledge Graphs for Matching Heterogeneous Entities and Explanation,"Iran sahar.ghassab, Iran behkama, Canada mostafa.milan",2023,10.1109/BigData59044.2023.10386157,https://ieeexplore.ieee.org/document/10386157/,"Entity Resolution, Knowledge Graphs, PLMs, Explainable AI, Record Linkage",High,Yes,None,10/10
sandovalarrayga_2024,sandovalarrayga_2024,Temporal heterogeneity in cognitive architectures,"Carlos Johnnatan Sandoval-Arrayga, Gustavo Palacios-Ramirez, Felix Francisco Ramos-Corchado",2024,10.1016/j.cogsys.2024.101265,,"Machine Learning, Temporal",,Yes,None,10/10
saxena_2021,saxena_2021,Question Answering Over Temporal Knowledge Graphs,"Apoorv Saxena, Soumen Chakrabarti, Partha Talukdar",2021,10.48550/arXiv.2106.01515,https://arxiv.org/abs/2106.01515,,High,Yes,None,10/10
schatz_2023,schatz_2023,BUILD-KG: Integrating Heterogeneous Data Into Analytics-Enabling Knowledge Graphs,"Kara Schatz, Pei-Yu Hou, Alexey V. Gulyuk, Yaroslava G. Yingling, Rada Chirkova",2023,10.1109/BigData59044.2023.10386570,https://ieeexplore.ieee.org/document/10386570/,"Data Integration, Heterogeneous Data, Knowledge Graphs, Analytics, Human-in-the-Loop",High,Yes,None,10/10
schjetnan_2021,schjetnan_2021,Cognitive boundary signals in the human medial temporal lobe shape episodic,"Palacio Schjetnan, Clayton Mosher",2021,10.1101/2021.01.16.426538;,,,,Yes,None,10/10
schmitt_2020a,schmitt_2020a,"Gifts, Contexts, Means, and Ends Differing: Informing Task Scenarios to Serve Knowledge Workers' Needs in Dynamic Complex Settings","Ulrich Schmitt, T. Grandon Gill",2020,10.28945/4667,,,,Yes,None,10/10
schmitt_2020b,schmitt_2020b,Scalability of generative knowledge management systems: designing for individuals' and institutions' mutual benefit,Ulrich Schmitt,2020,10.1108/K-05-2020-0324,,,,Yes,None,10/10
schpfeld_2019,schpfeld_2019,Solving problems of research information heterogeneity during integration – using the European CERIF and German RCD standards as examples,Joachim Schöpfeld,2019,10.3233/ISU-180030,,,,Yes,None,10/10
schultes_2022,schultes_2022,FAIR Digital Twins for Data-Intensive Research,"Erik Schultes, Marco Roos, Luiz Olavo Bonino da Silva Santos, Giancarlo Guizzardi, Jildau Bouwman, Thomas Hankemeier, Arie Baak, Barend Mons",2022,10.3389/fdata.2022.883341/full,,,,Yes,None,10/10
science_2022,science_2022,Knowledge graph construction for computer networking course group in secondary vocational school based on multi-source heterogeneous data,"Information Science, Shandong Normal, University Jinan, Jingdong Bookstore, Baidu Encyclopedia, In Jingdong, Content Introduction, Author Introduction, Computer Network",2022,10.1109/ITME56794.2022.00031,https://ieeexplore.ieee.org/document/10086288/,"Knowledge Graph Construction, Heterogeneous Data, Educational Technology, SmartKG",Medium,Yes,None,10/10
sciences_2019,sciences_2019,Computers and Geosciences,"- NASEM (National Academies of Sciences, Engineering, Medicine), 2020. A Vision for NSF Earth Sciences 2020-2030: Earth in Time. The National Academies Press, Washington, DC, p. 172. [https://doi.org/10.17226/25761.](https://doi.org/10.17226/25761",2019,10.1016/j.cageo.2022.105082,,,,Yes,None,10/10
seneviratne_2021,seneviratne_2021,Personal Health Knowledge Graph for Clinically Relevant Diet Recommendations,"Oshani Seneviratne, Jonathan Harris, Hua Chen",2021,10.2337/dc20-Sint.,,,,Yes,None,10/10
seo_2020,seo_2020,Structural Quality Metrics to Evaluate Knowledge Graph Quality,"Sumin Seo, Heeseon Cheon, Hyunho Kim, Dongseok Hyun",2020,10.1007/978-3-540-76298-0_52,,,,Yes,None,10/10
seo_2022,seo_2022,Platform Development for Proof-of-Concept of Smartphone-based Continuous Complex Positioning,"Seonghun Seo, Kyunghyun Park, Daesub Yoon, JaeJun Yoo, Yonghyun Kim, Yangkoo Lee, Jiwoo Han",2022,,,,,Yes,doi_missing,9/10
sesana_2024,sesana_2024,New generation Energy Performance Certificate: development and application in an Italian case study as an EU proof of concept,"Marta Maria Sesana, Ilaria Isacco",2024,10.1051/e3sconf/202452306001,https://www.e3s-conferences.org/10.1051/e3sconf/202452306001,,Low,Yes,None,10/10
shaik_2024,shaik_2024,"S3LLM: Large-Scale Scientific Software Understanding with LLMs using Source,Metadata, and Document","Kareem Shaik, Dali Wang, Weijian Zheng, Qinglei Cao, Heng Fan, Peter Schwartz, Yunhe Feng",2024,,,,,Yes,doi_missing,9/10
shao_2023,shao_2023,StreamE: Lightweight Updates of Representations for Temporal Knowledge Graphs in Streaming Scenarios,"Jie Shao, Jiasheng Zhang",2023,10.1145/3539618.3591772,,,,Yes,None,10/10
shen_2020,shen_2020,Networking Architecture and Key Supporting Technologies for Human Digital Twin in Personalized Healthcare: A Comprehensive Survey,"Xuemin (Sherman) Shen, Fellow, IEEE",2020,,,,,Yes,doi_missing,9/10
shen_2021,shen_2021,Deriving Design Knowledge Graph for Complex Sociotechnical Systems Using the AIA Design Thinking,"Tao Shen, Chan Gao, Yukari Nagai, Wei Ou",2021,,,,,Yes,doi_missing,9/10
shimizu_2021,shimizu_2021,An Ontology Design Pattern for Role-Dependent Names,"Cogan Shimizu, Pascal Hitzler",2021,10.1007/978-3-030-77385-4,,,,Yes,None,10/10
shirai_2021,shirai_2021,Applying Personal Knowledge Graphs to Health,"Sola Shirai, Oshani Seneviratne, Deborah L. McGuinness",2021,10.48550/arXiv.2104.07587,https://arxiv.org/abs/2104.07587,"PKG, Personal Health Knowledge Graphs, Healthcare AI, Knowledge Graphs, Personalized Healthcare",High,Yes,None,10/10
singhal_2019,singhal_2019,Procreation of training data using cognitive science in temporal data processing for burnt paddy fields mapping,"Mragank Singhal, Ashish Payal, Anil Kumar",2019,10.1016/j.rsase.2021.100516,,,,Yes,None,10/10
skjveland_2024,skjveland_2024,An Ecosystem for Personal Knowledge Graphs: A Survey and Research Roadmap,"Martin G. Skjæveland, Krisztian Balog, Nolwenn Bernard, Weronika Łajewska, Trond Linjordet",2024,10.1016/j.aiopen.2024.01.003,https://arxiv.org/abs/2304.09572,,High,Yes,None,10/10
software_2023,software_2023,Defining a Knowledge Graph Development Process Through a Systematic Review,CCS Concepts: • Software,2023,10.1145/3522586,,,,Yes,None,10/10
song_2019,song_2019,Temporal reasoning for timeline summarisation in social media,"Jiayu Song, Mahmud Akhter, Maria Liakata",2019,10.3115/V1/P14-2082,,,,Yes,None,10/10
sowi_2020,sowi_2020,Overview of Current Challenges in Multi-Architecture Software Engineering and a Vision for the Future,Piotr Sowi,2020,10.1007/978-3-540-92913-0,,,,Yes,None,10/10
spens_2023,spens_2023,nature human behaviour,"Eleanor Spens, Neil Burgess",2023,10.1038/s41562-023-01799-z,,,,Yes,None,10/10
storage_2023,storage_2023,Blind Multimodal Quality Assessment of Low-Light Images,"Storage, transmission",2023,,,,,Yes,doi_missing,9/10
su_2024,su_2024,Temporal Knowledge Graph Question Answering: A Survey,"Miao Su, Zixuan Li, Zhuo Chen, Long Bai, Xiaolong Jin, Jiafeng Guo",2024,https://doi.org/10.48550/arXiv.2406.14191,https://arxiv.org/abs/2406.14191,"TKGQA survey, temporal questions, semantic parsing, TKG embeddings, taxonomy",High,Yes,doi_invalid_format,9/10
sun_2024a,sun_2024a,Knowledge Graph Tuning: Real-time Large Language Model Personalization,"Jingwei Sun, Zhixu Du, Yiran Chen",2024,10.48550/arXiv.2405.19686,https://arxiv.org/abs/2405.19686,"LLM, Knowledge Graph Tuning, Real-time Personalization, Efficient Computing, HDM Systems",High,Yes,None,10/10
sun_2025,sun_2025,TimelineKGQA: A Comprehensive Question-Answer Pair Generator for Temporal Knowledge Graphs,Qiang Sun,2025,arXiv:2501.04343,https://arxiv.org/abs/2501.04343,,High,Yes,doi_invalid_format,9/10
szekely_2014,szekely_2014,Building and Using a Knowledge Graph to Combat Human Trafficking,"Pedro Szekely, Craig A. Knoblock, Jason Slepicka, Andrew Philpot, Amandeep Singh, Chengye Yin, Dipsy Kapoor, Prem Natarajan, Daniel Marcu, Kevin Knight, David Stallard, Subessware S. Karunamoorthy, Rajagopal Bojanapalli, Steven Minton, Brian Amanatullah, Todd Hughes, Mike Tamayo, David Flynt, Rachel Artiss, Fu Chang, Tao Chen, Gerald Hiebel, Lidia Ferreira",2014,10.1007/s00778-008-0098-x,,,,Yes,None,10/10
tan_2020,tan_2020,Multimodal Sensor Fusion Framework for Residential Building Occupancy Detection,"Sin Yong Tan, Margarite Jacoby, Homagni Saha, Anthony Florita, Gregor Henze, Soumik Sarkar",2020,10.1109/ISCSIC.2017.15.,,,,Yes,None,10/10
tang_2023,tang_2023,Human Body Digital Twin: A Master Plan,"Chenyu Tang, Shuo Gao, Luigi G. Occhipinti",2023,,,,,Yes,doi_missing,9/10
tang_2024,tang_2024,DHyper: A Recurrent Dual Hypergraph Neural Network for Event Prediction in Temporal Knowledge Graphs,"Xing Tang, Ling Chen, Hongyu Shi, Dandan Lyu",2024,10.1145/3653015,,,,Yes,None,10/10
tehran_2020,tehran_2020,Cognitive Ledger Project: Towards Building Personal Digital Twins Through Cognitive Blockchain,Amir Reza Asadi Humind Labs Tehran,2020,10.1109/MC.2018.2876181.,,,,Yes,None,10/10
teraoka_2011,teraoka_2011,Aggregation and Exploration of Heterogeneous Data Collected from Diverse Information Sources,Teruhiko Teraoka,2011,,,,,Yes,doi_missing,9/10
truong_2021,truong_2021,Privacy preservation in federated learning: An insightful survey from the GDPR perspective,"Nguyen Truong, Kai Sun, Siyao Wang, Florian Guitton, YiKe Guo",2021,10.1016/j.cose.2021.102402,,,,Yes,None,10/10
tu_2020,tu_2020,SKG: A Versatile Information Retrieval and Analysis Framework for Academic Papers with Semantic Knowledge Graphs,"Yamei Tu, Rui Qiu, Han-Wei Shen",2020,10.1109/AIKE48582.2020.,,,,Yes,None,10/10
turki_2013,turki_2013,A Decade of Scholarly Research on Open Knowledge Graphs,"Houcemeddine Turki, Abraham Toluwase Owodunni, Mohamed Ali Hadj Taieb, Fabrice Bile, Mohamed Ben Aouicha",2013,10.1007/978-3-540-88564-1,,,,Yes,None,10/10
tushkanova_2019,tushkanova_2019,"Knowledge Net: Model and System for Accumulation, Representation, and Use of Knowledge","Olga Tushkanova, Vladimir Samoylov",2019,,,,,Yes,doi_missing,9/10
universit_2024,universit_2024,Research Trends for the Interplay between Large Language Models and Knowledge Graphs,"Soror Sahri Universit, Morteza Ezzabady Universit, Nandana Mihindukulasooriya, Hanieh Khorashadizadeh",2024,10.1007/978-3-540-76888-3,,,,Yes,None,10/10
up_2024,up_2024,"Digital Twins' Advancements and Applications in Healthcare, Towards Precision Medicine","up, vkatsa, panospa, lidia.strigar, gkaga, or kagadi",2024,10.3390/jpm14111101,https://pmc.ncbi.nlm.nih.gov/articles/PMC11595921/,"Digital Twins, Precision Medicine, Healthcare AI, Personalized Treatment, Disease Prediction",High,Yes,None,10/10
updates_2006,updates_2006,Continuous multimodal data supply chain and expandable clinical decision support for oncology,"Check for updates, Radiation Oncology, Yonsei Cancer Center, Medical Oncology, Internal Medicine, Cancer Research, Digital Health, Severance Hospital, Biomedical Systems Informatics, Jee Suk Chang",2006,10.1038/s41746-025-01508-2,,,,Yes,None,10/10
updates_2014,updates_2014,Towards a neurodevelopmental cognitive perspective of temporal processing,Check for updates,2014,10.1038/s42003-024-06641-4,,,,Yes,None,10/10
uzctegui_2024,uzctegui_2024,Corresponding author:,"Luis Medina Uzcátegui, Instituto de Diseño y Métodos Industriales, Facultad de Ciencias de la Ingeniería, Universidad Austral de Chile",2024,10.1177/03064190231200397,,,,Yes,None,10/10
vaikunth_2024,vaikunth_2024,Knowledge Graph Modeling-Driven Large Language Model Operating System (LLM OS) for Task Automation in Process Engineering Problem-Solving,"Vijay Sri Vaikunth, Venkataramana Runkana",2024,,,,,Yes,doi_missing,9/10
valle_2023,valle_2023,Digital twin for healthcare systems,Alexandre Vallée,2023,10.3389/fdgth.2023.1253050,,,,Yes,None,10/10
vassiliou_2023,vassiliou_2023,"iSummary: Workload-based, Personalized Summaries for Knowledge Graphs","Giannis Vassiliou, Fragkiskos Alevizakis, Nikolaos Papadakis, Haridimos Kondylakis",2023,10.48550/arXiv.2403.02934,https://arxiv.org/abs/2403.02934,"Knowledge Graph Summarization, Personalization, SPARQL, ISWC 2023, Workload-based Analytics",High,Yes,None,10/10
vol_2019,vol_2019,The current issue and full text archive of this journal is available on Emerald Insight at: https://www.emerald.com/insight/0368-492X.htm,Kybernetes Vol,2019,10.1108/K-03-2019-0215,,,,Yes,None,10/10
wan_2024,wan_2024,"Making knowledge graphs work for smart manufacturing: Research topics, applications and prospects","Yuwei Wan, Ying Liu, Zheyuan Chen, Chong Chen, Xinyu Li, Fu Hu, Michael Packianather",2024,10.1016/j.jmsy.2024.07.009,,,,Yes,None,10/10
wang_2020,wang_2020,An Efficient Big Data Storage Service Architecture,"Dan Wang, Xiang Li, Peixiang Bai, Haibo Wang, Jianmin Dong",2020,,,,,Yes,doi_missing,9/10
wang_2022a,wang_2022a,KSG: Knowledge and Skill Graph,"Donglin Wang, Feng Zhao, Ziqi Zhang",2022,10.1145/3511808.3557623,,,,Yes,None,10/10
wang_2022b,wang_2022b,Collaborative Knowledge Graph Fusion by Exploiting the Open Corpus,"Yue Wang, Yao Wan, Lu Bai, Lixin Cui, Zhuo Xu, Ming Li, Philip S. Yu, Edwin R Hancock",2022,10.48550/arXiv.2206.07472,https://arxiv.org/abs/2206.07472,,High,Yes,None,10/10
wang_2023a,wang_2023a,"A Survey on Temporal Knowledge Graph Completion: Taxonomy, Progress, and Prospects","Jiapu Wang, Boyue Wang, Meikang Qiu, Senior Member, Shirui Pan, Bo Xiong, Heng Liu, Linhao Luo, Tengfei Liu, Yongli Hu, Baocai Yin, Wen Gao",2023,,,,,Yes,doi_missing,9/10
wang_2023b,wang_2023b,Continuous Personalized Knowledge Tracing: Modeling Long-Term Learning in Online Environments,"Chengqiang Wang, Shabnam Sahebi",2023,10.1145/3583780.3614822,https://dl.acm.org/doi/10.1145/3583780.3614822,"Knowledge Tracing, Personalized Learning, CIKM 2023, Continuous Learning, Educational Technology",High,Yes,None,10/10
wang_2024a,wang_2024a,Auto-tuning for HPC storage stack: an optimization perspective,"Jinqiu Wang, Lin Peng, Zhanyong Tang",2024,10.1145/3502181.3531461,,,,Yes,None,10/10
wang_2024b,wang_2024b,"Agents in Software Engineering: Survey, Landscape, and Vision","Yanlin Wang, Wanjun Zhong, Yanxian Huang, Ensheng Shi, Min Yang, Jiachi Chen, Zibin Zheng, Hui Li, Yuchi Ma, Qianxiang Wang",2024,10.1145/3591300,,,,Yes,None,10/10
wang_2025,wang_2025,An Adaptive Framework Embedded With LLM for Knowledge Graph Construction,"Qingwang Wang, Senior Member, Chaohui Li, Yi Liu, Qiubai Zhu, Jian Song, Tao Shen, Large Language, Adaptive Construction, Knowledge Graph, Massive Multitask, Language Understanding",2025,10.1109/TMM.2025.3557717,https://ieeexplore.ieee.org/document/10948338/,"KG Construction, LLM, Knowledge Graphs, Automation, Schema Layer",High,Yes,None,10/10
wen_2024,wen_2024,AeonG: An Efficient Built-in Temporal Support in Graph Databases,"Dong Wen, Jiamin Hou",2024,10.14778/3648160.3648187,https://www.vldb.org/pvldb/vol17/p1515-lu.pdf,,High,Yes,None,10/10
wickramarachchi_2021,wickramarachchi_2021,"Saher Mohamed, Kirollos Farah, Abdelrahman Lotfy, Kareem Rizk, Abdelrahman Saeed, Shahenda Mohamed, Ghada Khouriba, Tamer Arafa","- Wickramarachchi, R., Henson, C., Sheth, A., 2020. An Evaluation of Knowledge Graph Embeddings for Autonomous Driving Data: Experience, Practice. Technical Report. URL: https://arxiv.org/abs/2003.00344. accessed: Oct. 14, 2023.",2021,10.3390/su13063191.,,,,Yes,None,10/10
wilkins_2022,wilkins_2022,Finding Long-COVID: Temporal Topic Modeling of Electronic Health Records from the N3C and RECOVER Programs,"Kenneth J. Wilkins, Hannah E. Davis, Gina S. Assaf, Hannah Wei, Parya Zareie, Evan T. French, Johanna Loomba, Andrea Zhou, Christopher G. Chute, Richard A. Moffitt, Emily R Pfaff, Yun Jae Yoo, Peter Leese, Robert F. Chew, Melissa A. Haendel",2022,10.1093/jamia/ocaa196,,,,Yes,None,10/10
wisconsinmadison_2023,wisconsinmadison_2023,DEPSRAG: Towards Agentic Reasoning and Planning for Software Dependency Management,"Mohannad Alhanahnah University of Wisconsin-Madison, USA mohannad@cs.wisc.edu",2023,,,"Knowledge Graph, Machine Learning, Privacy, Semantic Web",,Yes,doi_missing,9/10
words_2021,words_2021,Morescient GAI for Software Engineering (Extended Version,"Additional Key Words, Marcus Kessel",2021,10.1145/3359591.3359735,,,,Yes,None,10/10
wu_2021,wu_2021,A Survey on Accuracy-oriented Neural Recommendation: From Collaborative Filtering to Information-rich Recommendation,"Le Wu, Xiangnan He, Xiang Wang, Kun Zhang, Meng Wang",2021,,,,,Yes,doi_missing,9/10
wu_2022,wu_2022,FedGNN: Federated Graph Neural Network for Privacy-Preserving Recommendation,"Chuhan Wu, Fangzhao Wu, Yang Cao, Yongfeng Huang, Xing Xie",2022,10.48550/arXiv.2102.04925,https://arxiv.org/abs/2102.04925,,High,Yes,None,10/10
wu_2024,wu_2024,Temporal Fact Reasoning over Hyper-Relational Knowledge Graphs,"Jingpei Wu, Yan Xia",2024,10.18653/v1/D19-1522,https://aclanthology.org/2024.findings-emnlp.20/,,High,Yes,None,10/10
xiang_2023,xiang_2023,ReGraP-LLaVA: Reasoning enabled Graph-based Personalized Large Language and Vision Assistant,"Yifan Xiang, Zhenxi Zhang, Yixuan Weng, Shoujun Zhou, Yangfan He, Keqin Li, Twin Cities",2023,,,,,Yes,doi_missing,9/10
xiao_2022,xiao_2022,A Privacy-Preserving Subgraph-Level Federated Graph Neural Network via Differential Privacy,"Jing Xiao, Yeqing Qiu, Chenyu Huang, Jianzong Wang, Zhangcheng Huang",2022,10.48550/arXiv.2206.03492,https://arxiv.org/abs/2206.03492,,High,Yes,None,10/10
xie_2022,xie_2022,Enabling building digital twin: Ontology-based information management framework for multisource data integration,"X Xie, N Moretti, J Merino, J Y Chang, P Pauwels, A K Parlikad",202,10.1088/1755-1315/1101/9/092010,https://doi.org/10.1088/1755-1315/1101/9/092010,,,Yes,year_suspicious,9/10
xie_2022a,xie_2022a,A federated graph neural network framework for privacy-preserving personalization,"Xing Xie, Electronic Engineering, Microsoft Research Asia",2022,10.1038/s41467-022-30714-9,,,,Yes,None,10/10
xie_2022b,xie_2022b,PsyDT: Using LLMs to Construct the Digital Twin of Psychological Counselor with Personalized Counseling Style for Psychological Counseling,"Haojie Xie, Yirong Chen, Xiaofen Xing, Jingkai Lin",2022,10.18653/v1/P16-2096,,,,Yes,None,10/10
xie_2024a,xie_2024a,Log Anomaly Detection by Adversarial Autoencoders With Graph Feature Fusion,"Yuxia Xie, Kai Yang",2024,10.1109/TETCI.2023.3306406,https://ieeexplore.ieee.org/document/10231001/,"Log Analysis, Anomaly Detection, Graph Neural Networks, Adversarial Learning, Temporal Dynamics",Medium,Yes,None,10/10
xie_2024b,xie_2024b,Back to the Future: Towards Explainable Temporal Reasoning with Large Language Models,"Qianqian Xie, Temporal Reasoning, Chenhan Yuan",2024,10.1145/3589334.3645376,,,,Yes,None,10/10
xie_2024c,xie_2024c,En4S: Enabling SLOs in Serverless Storage Systems,"Minghao Xie, Chen Qian, Heiner Litz",2024,10.1145/3698038.3698529,,,,Yes,None,10/10
xiong_2024,xiong_2024,Large Language Models Can Learn Temporal Reasoning,"Siheng Xiong, Ali Payani, Ramana Kompella, Faramarz Fekri",2024,10.18653/v1/2024.findings-acl.401,,,,Yes,None,10/10
xu_2015,xu_2015,Viewpoints Future Research Directions of Software Engineering and Knowledge Engineering¤,Haiping Xu,2015,10.1142/S0218194015500035,,,,Yes,None,10/10
xu_2020,xu_2020,Temporal Knowledge Graph Reasoning with Historical Contrastive Learning,"Yi Xu, Junjie Ou, Hui Xu, Luoyi Fu",2020,,,,,Yes,doi_missing,9/10
xu_2023a,xu_2023a,Adaptive Feature Fusion Networks for Origin-Destination Passenger Flow Prediction in Metro Systems,"Yuhang Xu, Yan Lyu, Guangwei Xiong, Shuyu Wang, Weiwei Wu, Helei Cui, Junzhou Luo, Adaptive Feature, Fusion Network",2023,10.1109/TITS.2023.3237523,https://ieeexplore.ieee.org/document/10026633/,"Spatial-Temporal Modeling, Urban Mobility, Passenger Flow Prediction, Feature Fusion, Graph Neural Networks",Medium,Yes,None,10/10
xu_2023b,xu_2023b,TFSF: Topological and Feature Space Fusion with Spatio-Temporal Modeling for Crop Yield Prediction,"Shifeng Xu, Yijing Zhou, Cuiting Huang, Xiaoyang Yu, Chao Wu",2023,10.1109/JSTARS.2023.3283704,https://ieeexplore.ieee.org/document/10152724/,"Crop Yield Prediction, Graph Neural Networks, Spatial-Temporal Modeling, Agriculture, Feature Fusion",Low,Yes,None,10/10
xu_2025,xu_2025,Big data fusion with knowledge graph: a comprehensive overview,"Huan Xu, Pengfei Zhang",2025,10.1016/j.,,,,Yes,None,10/10
xua_2020,xua_2020,AI-CTO: Knowledge graph for automated and dependable software stack solution,"Xiaoyun Xua, Jingzheng Wua, Mutian Yanga, Tianyue Luoa, Qianru Mengd, Yanjun Wua, Beijing Baidux",2020,,,,,Yes,doi_missing,9/10
yan_2024a,yan_2024a,Federated Heterogeneous Graph Neural Network for Privacy-preserving Recommendation,"Bo Yan, Yang Cao, Haoyu Wang, Wenchuan Yang, Junping Du, Chuan Shi",2024,arXiv:2310.11730,https://arxiv.org/abs/2310.11730,,High,Yes,doi_invalid_format,9/10
yan_2024b,yan_2024b,Prior knowledge-guided multilevel graph neural network for tumor risk prediction and interpretation via multi-omics data integration,"Hongxi Yan, Dawei Weng, Dongguo Li, Yu Gu, Wenji Ma, Qingjie Liu",2024,10.1093/bib/bbae184,https://academic.oup.com/bib/article/doi/10.1093/bib/bbae184/7658016,"multi-omics, graph neural networks, prior knowledge, cancer prediction, interpretability",Medium,Yes,None,10/10
yang_2022,yang_2022,Give Us the Facts: Enhancing Large Language Models with Knowledge Graphs for Fact-aware Language Modeling,"Linyao Yang, Hongyang Chen, Senior Member, Zhao Li, Xiao Ding, Xindong Wu",2022,,,,,Yes,doi_missing,9/10
yang_2024a,yang_2024a,Graphusion: Leveraging Large Language Models for Scientific Knowledge Graph Fusion and Construction in NLP Education,"Rui Yang, Boming Yang, Sixun Ouyang, Tianwei She, Aosong Feng, Yuang Jiang, Freddy Lecue, Jinghui Lu, Irene Li",2024,10.48550/arXiv.2407.10794,https://arxiv.org/abs/2407.10794,,Medium,Yes,None,10/10
yang_2024b,yang_2024b,SSTKG: Simple Spatio-Temporal Knowledge Graph for Intepretable and Versatile Dynamic Information Embedding,Ruiyi Yang,2024,arXiv:2402.12132,https://arxiv.org/abs/2402.12132,,High,Yes,doi_invalid_format,9/10
yang_2025,yang_2025,Graphusion: A RAG Framework for Scientific Knowledge Graph Construction with a Global Perspective,"Rui Yang, Fan Gao, Moritz Blum, Freddy Lecue, Boming Yang, Aosong Feng, Tianwei She, Jinghui Lu, Xinjie Zhao, Sixun Ouyang, Yuang Jiang, Irene Li",2025,10.18653/v1/P19-1470,,,,Yes,None,10/10
yao_2024,yao_2024,FEDRKG: A Privacy-preserving Federated Recommendation Framework via Knowledge Graph Enhancement,"Dezhong Yao, Tongtong Liu, Qi Cao, Hai Jin",2024,10.1007/978-981-99-9896-8_6,https://arxiv.org/abs/2401.11089,,High,Yes,None,10/10
yc_2024,yc_2024,A Brief Survey on Deep Learning-Based Temporal Knowledge Graph Completion,"yc, j.n",2024,10.3390/app14198871,https://www.mdpi.com/2076-3417/14/19/8871,"Temporal Knowledge Graphs, Deep Learning, Knowledge Graph Completion, GNN, Temporal Modeling",High,Yes,None,10/10
yu_2016,yu_2016,Knowledge-enhanced Multi-perspective Video Representation Learning for Scene Recognition,"Xuzheng Yu, Chen Jiang, Wei Zhang, Tian Gan, Linlin Chao, Jianan Zhao, Yuan Cheng, Qingpei Guo, Wei Chu",2016,,,,,Yes,doi_missing,9/10
yu_2024,yu_2024,"Ontology-Driven Architecture for Managing Environmental, Social, and Governance Metrics","Mingqin Yu, Fethi A. Rabhi, Madhushi Bandara",2024,10.3390/electronics13091719,,,,Yes,None,10/10
yue_2023,yue_2023,MMMU: A Massive Multi-discipline Multimodal Understanding and Reasoning Benchmark for Expert AGI,"Xiang Yue, Yuansheng Ni, Kai Zhang, Tianyu Zheng, Ruoqi Liu, Ge Zhang, Samuel Stevens, Dongfu Jiang, Weiming Ren, Yuxuan Sun, Cong Wei, Botao Yu, Ruibin Yuan, Renliang Sun, Ming Yin, Boyuan Zheng, Zhenzhu Yang, Yibo Liu, Wenhao Huang, Huan Sun, Yu Su, Wenhu Chen",2023,,,,,Yes,doi_missing,9/10
yutongchen_2024,yutongchen_2024,CTINexus: Automatic Cyber Threat Intelligence Knowledge Graph Construction Using Large Language Models,"Virginia Tech yutongchen, Virginia Tech obajabe, Virginia Tech saimon.tsega, UC Berkeley dawnson, Virginia Tech pengga",2024,arXiv:2410.21060,https://arxiv.org/abs/2410.21060,"Large Language Models, Knowledge Graph Construction, Cyber Threat Intelligence, Entity Alignment, Relation Prediction",High,Yes,doi_invalid_format,9/10
yxyan_2025,yxyan_2025,Pseudo-Knowledge Graph: Meta-Path Guided Retrieval and In-Graph Text for RAG-Equipped LLM,"China yxyan, China yang, China wh, China ma, China wangta, China glu",2025,arXiv:2503.00309,https://arxiv.org/abs/2503.00309,"PKG, Retrieval-Augmented Generation, LLM Enhancement, Knowledge Graphs, Meta-path Retrieval",High,Yes,doi_invalid_format,9/10
zafeiropoulos_2024,zafeiropoulos_2024,Evaluating Ontology-Based PD Monitoring and Alerting in Personal Health Knowledge Graphs and Graph Neural Networks,"Nikolaos Zafeiropoulos, Pavlos Bitilis, George E. Tsekouras, Konstantinos Kotis",2024,10.3390/info15020100,,,,Yes,None,10/10
zha_2024,zha_2024,Data-centric Artificial Intelligence: A Survey," addresses: Daochen Zha, daochen.zha@rice.edu, Rice University, United States, Zaid Pervaiz Bhat, zaid.bhat1234@ tamu.edu, Texas A, M University, United States, Kwei-Herng Lai, khlai@rice.edu, Rice University, United States, Fan Yang, fyang@rice.edu, Rice University, United States, Zhimeng Jiang, zhimengj@tamu.edu, Texas A, M University, United States, Shaochen Zhong, hz88@rice.edu, Rice University, United States, Xia Hu, Xia.Hu@rice.edu, Rice University, United States.",2024,10.48550/arXiv.2303.10158,https://arxiv.org/abs/2303.10158,"Data-centric AI, Machine Learning, Data Quality, Data Engineering, AI Systems",High,Yes,None,10/10
zhang_2019,zhang_2019,Enhancing Sequential Recommendation with Graph Contrastive Learning,"Yixin Zhang, Yong Liu, Yonghui Xu, Hao Xiong, Chenyi Lei, Wei He, Lizhen Cui, Chunyan Miao",2019,,,,,Yes,doi_missing,9/10
zhang_2021a,zhang_2021a,Dynamic Graph Neural Networks for Sequential Recommendation,"Mengqi Zhang, Shu Wu, Xueli Yu, Qiang Liu, Liang Wang",2021,10.48550/arXiv.2104.07368,https://arxiv.org/abs/2104.07368,,High,Yes,None,10/10
zhang_2021b,zhang_2021b,Paterns for Representing Knowledge Graphs to Communicate Situational Knowledge of Service Robots,"Shengchen Zhang, Yi Dai, Zixuan Wang, Lyumanshan Ye, Chaoran Chen, Xiaohua Sun",2021,10.1145/3411764.3445767,,,,Yes,None,10/10
zhang_2022,zhang_2022,Research Article# Building a Knowledge Base of Bridge Maintenance Using Knowledge Graph,Yang Zhang,2022,,,,,Yes,doi_missing,9/10
zhang_2023,zhang_2023,Describe and query semantic building digital twin data in temporal Knowledge Graphs,"Yingying Zhang, Jakob Beetz",2023,,,,,Yes,doi_missing,9/10
zhang_2024,zhang_2024,A framework towards digital twins for type 2 diabetes,"Yue Zhang, Guangrong Qin, Boris Aguilar, Noa Rappaport, James T. Yurkovich, Lance Pflieger, Sui Huang, Leroy Hood, Ilya Shmulevich",2024,10.3389/fdgth.2024.1336050,,,,Yes,None,10/10
zhanga_2024,zhanga_2024,A Comprehensive Survey on Automatic Text Summarization with Exploration of LLM-Based Methods,"Yang Zhanga, Hanlei Jina, Dan Menga, Jun Wang1a, Jinghua Tana",2024,10.1108/eb026526,,,,Yes,None,10/10
zhao_2022,zhao_2022,Skefl: Single-Key Homomorphic Encryption for Secure Federated Learning,Dongfang Zhao,2022,,,,,Yes,doi_missing,9/10
zhao_2023,zhao_2023,A SysML-centric integration framework for helicopter fuel system development,"H Zhao, W K Wu, X M Hu, Y Q Guo, C Zhang, G X Hao",2023,10.1109/AERO55745.2023.10115875,Available through IEEE Xplore,,Low,Yes,None,10/10
zhao_2024,zhao_2024,AGENTiGraph: An Interactive Knowledge Graph Platform for LLM-based Chatbots Utilizing Private Data,"Xinjie Zhao, Moritz Blum, Rui Yang, Boming Yang, Tony Wang, Xin Li, Huitao Li, Yanran Fu, Rongrong Wang, Juntao Zhang, Irene Li, Weill Cornell Medicine",2024,arXiv:2410.11531,https://arxiv.org/abs/2410.11531,,High,Yes,doi_invalid_format,9/10
zhong_2022,zhong_2022,A Comprehensive Survey on Automatic Knowledge Graph Construction,"Lingfeng Zhong, Jia Wu, Qian Li, Hao Peng, Xindong Wu",2022,,,,,Yes,doi_missing,9/10
zhong_2024,zhong_2024,From data to insights: the application and challenges of knowledge graphs in intelligent audit,"Zhong, H., Yang, D., Shi, S., Wei, L., Wang, Y.",2024,10.1186/s13677-024-00674-0,https://journalofcloudcomputing.springeropen.com/articles/10.1186/s13677-024-00674-0,"Knowledge Graphs, Intelligent Audit, Data Integration, Semantic Modeling, Neural Network Reasoning",Medium,Yes,None,10/10
zhou_2018,zhou_2018,Intelligent Bug Fixing with Software Bug Knowledge Graph,Cheng Zhou,2018,10.1145/3236024.3275428,,,,Yes,None,10/10
zhou_2024a,zhou_2024a,Electronic Health Record–Oriented Knowledge Graph System for Collaborative Clinical Decision Support Using Multicenter Fragmented Medical Data: Design and Application Study,"Tianshu Zhou, Ping Zhang, Jianghua Chen, Jingsong Li",2024,10.2196/54263,,,,Yes,None,10/10
zhou_2024b,zhou_2024b,Bring Privacy To The Table: Interactive Negotiation for Privacy Settings of Shared Sensing Devices (ThingPoll),"Haozhe Zhou, Mayank Goel, Yuvraj Agarwal",2024,10.1145/3613904.3642897,https://dl.acm.org/doi/10.1145/3613904.3642897,"IoT Privacy, Interactive Negotiation, Shared Devices, Multi-user Privacy, Privacy Configuration, HDM Device Integration",High,Yes,None,10/10
zhou_2025,zhou_2025,Group verifiable secure aggregate federated learning based on secret sharing,"Sufang Zhou, Lin Wang, Liangyi Chen, Yifeng Wang, KeYuan",2025,10.1145/3065386,,,,Yes,None,10/10
zhu_2019,zhu_2019,A Short Survey: Exploring Knowledge Graph-based Neural-Symbolic System from Application Perspective,"Shenzhe Zhu, Toronto Toronto",2019,,,,,Yes,doi_missing,9/10
zhu_2022,zhu_2022,"FedMIA: An Effective Membership Inference Attack Exploiting ""All for One"" Principle in Federated Learning","Gongxi Zhu, Donghao Li, Hanlin Gu, Yuan Yao, Lixin Fan, Yuxing Han",2022,,,,,Yes,doi_missing,9/10
zhu_2025,zhu_2025,A Temporal Knowledge Graph Generation Dataset Supervised Distantly by Large Language Models,"Jun Zhu, Yan Fu, Junlin Zhou, Duanbing Chen",2025,10.1007/978-3-642-15939-8,,,,Yes,None,10/10
zuo_2023,zuo_2023,KG4Diagnosis: A Hierarchical Multi-Agent LLM Framework with Knowledge Graph Enhancement for Medical Diagnosis,Kaiwen Zuo,2023,,,,,Yes,doi_missing,9/10
