filename,source,domain_category,paper_id,title_fragment,size_mb,size_bytes
frontiers_2024_patient_centric_kg_survey.pdf,Frontiers,Frontiers Open Access,,frontiers 2024 patient centric kg survey,2.41,2531335
frontiers_connected_dt_pkg.pdf,Frontiers,Frontiers Open Access,,frontiers connected dt pkg,0.73,767964
frontiers_dt_diabetes.pdf,Frontiers,Frontiers Open Access,,frontiers dt diabetes,3.69,3870325
frontiers_dt_healthcare_systems.pdf,Frontiers,Frontiers Open Access,,frontiers dt healthcare systems,0.21,218088
mdpi_2504-2289_6_3_90.pdf,MDPI,MDPI Open Access,,mdpi 2504-2289 6 3 90,0.69,721433
mdpi_electronics_13_9_1719.pdf,MDPI,MDPI Open Access,,mdpi electronics 13 9 1719,1.28,1341569
mdpi_future_internet_15_3_111.pdf,MDPI,MDPI Open Access,,mdpi future internet 15 3 111,1.58,1660220
mdpi_mimic_graphdb.pdf,MDPI,MDPI Open Access,,mdpi mimic graphdb,1.53,1603171
mdpi_pd_monitoring_phkg.pdf,MDPI,MDPI Open Access,,mdpi pd monitoring phkg,3.33,3487785
mdpi_res_com_A_Human_Digital-Twin-Based_Framework_Driving_Human_Centricity_towards_Industry_5.0.pdf,MDPI,MDPI Open Access,,mdpi res com A Human Digital-Twin-Based Framework Driving Human Centricity towar,3.47,3635435
mdpi_res_com_Data_Harmonization_for_Heterogeneous_Datasets_A_Systematic_Literature_Review.pdf,MDPI,MDPI Open Access,,mdpi res com Data Harmonization for Heterogeneous Datasets A Systematic Literatu,1.99,2082130
europepmc_org_Merging_heterogeneous_clinical_data_to_enable_knowledge_discovery.pdf,PMC,unknown,,europepmc org Merging heterogeneous clinical data to enable knowledge discovery,0.04,46867
pmc_digital_twins_healthcare.pdf,PMC,unknown,,pmc digital twins healthcare,0.0,134
pmc_jpm-14-01101.pdf,PMC,unknown,,pmc jpm-14-01101,0.0,134
arxiv_arxiv_2102.02922_.pdf,arXiv,arXiv,2102.02922,,0.18,187249
arxiv_arxiv_2306.11489_.pdf,arXiv,arXiv,2306.11489,,5.53,5795456
arxiv_arxiv_2306.13186_A_Decade_of_Scholarly_Research_on_Open_Knowledge_Graphs.pdf,arXiv,arXiv,2306.13186,A Decade of Scholarly Research on Open Knowledge Graphs,2.74,2875731
arxiv_arxiv_2505.21109_A_Lightweight_Multi-Expert_Generative_Language_Model_System_for_Engineering_Info.pdf,arXiv,arXiv,2505.21109,A Lightweight Multi-Expert Generative Language Model System for Engineering Info,1.51,1580920
arxiv_arxiv_2004.11794_A_Review_of_Privacy-preserving_Federated_Learning_for_the_Internet-of-Things.pdf,arXiv,arXiv,2004.11794,A Review of Privacy-preserving Federated Learning for the Internet-of-Things,0.47,497036
arxiv_arxiv_2501.12911_A_Selective_Homomorphic_Encryption_Approach_for_Faster_Privacy-Preserving_Federated_Learning.pdf,arXiv,arXiv,2501.12911,A Selective Homomorphic Encryption Approach for Faster Privacy-Preserving Federa,2.07,2170999
arxiv_arxiv_2408.08632_A_Survey_on_Benchmarks_of_Multimodal_Large_Language_Models.pdf,arXiv,arXiv,2408.08632,A Survey on Benchmarks of Multimodal Large Language Models,1.44,1513037
arxiv_arxiv_2308.02457_A_Survey_on_Temporal_Knowledge_Graph_Completion_Taxonomy_Progress_and_Prospects.pdf,arXiv,arXiv,2308.02457,A Survey on Temporal Knowledge Graph Completion Taxonomy Progress and Prospects,1.45,1521605
arxiv_arxiv_2403.04782_A_Survey_on_Temporal_Knowledge_Graph_Representation_Learning_and_Applications.pdf,arXiv,arXiv,2403.04782,A Survey on Temporal Knowledge Graph Representation Learning and Applications,0.75,782084
arxiv_arxiv_2409.19756_Advances_in_Privacy_Preserving_Federated_Learning_to_Realize_a_Truly_Learning_Healthcare_System.pdf,arXiv,arXiv,2409.19756,Advances in Privacy Preserving Federated Learning to Realize a Truly Learning He,0.6,624747
"arxiv_arxiv_2409.09030_Agents_in_Software_Engineering_Survey,_Landscape,_and_Vision.pdf",arXiv,arXiv,2409.09030,"Agents in Software Engineering Survey, Landscape, and Vision",0.69,728656
arxiv_arxiv_2203.15696_Auditing_Privacy_Defenses_in_Federated_Learning_via_Generative_Gradient_Leakage.pdf,arXiv,arXiv,2203.15696,Auditing Privacy Defenses in Federated Learning via Generative Gradient Leakage,14.2,14890544
arxiv_arxiv_2401.06072_Chain_of_History_Learning_and_Forecasting_with_LLMs_for_Temporal_Knowledge_Graph_Completion.pdf,arXiv,arXiv,2401.06072,Chain of History Learning and Forecasting with LLMs for Temporal Knowledge Graph,0.6,627800
arxiv_arxiv_2503.07967_Code_Digital_Twin_Empowering_LLMs_with_Tacit_Knowledge_for_Complex_Software_Main.pdf,arXiv,arXiv,2503.07967,Code Digital Twin Empowering LLMs with Tacit Knowledge for Complex Software Main,0.92,969891
arxiv_arxiv_2405.20455_DepsRAG_Towards_Agentic_Reasoning_and_Planning_for_Software_Dependency_Managemen.pdf,arXiv,arXiv,2405.20455,DepsRAG Towards Agentic Reasoning and Planning for Software Dependency Managemen,1.72,1804079
arxiv_arxiv_2306.16791_Divide_and_Conquer_the_EmpiRE_A_Community-Maintainable_Knowledge_Graph_of_Empiri.pdf,arXiv,arXiv,2306.16791,Divide and Conquer the EmpiRE A Community-Maintainable Knowledge Graph of Empiri,0.56,589559
arxiv_arxiv_2304.11273_Enabling_knowledge_discovery_in_natural_hazard_engineering_datasets_on_DesignSaf.pdf,arXiv,arXiv,2304.11273,Enabling knowledge discovery in natural hazard engineering datasets on DesignSaf,0.0,861
arxiv_arxiv_2503.21710_Enhancing_Repository-Level_Software_Repair_via_Repository-Aware_Knowledge_Graphs.pdf,arXiv,arXiv,2503.21710,Enhancing Repository-Level Software Repair via Repository-Aware Knowledge Graphs,2.16,2262620
arxiv_arxiv_2502.13412_Explore-Construct-Filter_An_Automated_Framework_for_Rich_and_Reliable_API_Knowle.pdf,arXiv,arXiv,2502.13412,Explore-Construct-Filter An Automated Framework for Rich and Reliable API Knowle,1.48,1549312
arxiv_arxiv_2402.06289_FedMIA_An_Effective_Membership_Inference_Attack_Exploiting_All_for_One_Principle_in_Federated_Learni.pdf,arXiv,arXiv,2402.06289,FedMIA An Effective Membership Inference Attack Exploiting All for One Principle,2.97,3110079
"arxiv_arxiv_2503.13310_Generative_AI_for_Software_Architecture._Applications,_Trends,_Challenges,_and_F.pdf",arXiv,arXiv,2503.13310,"Generative AI for Software Architecture. Applications, Trends, Challenges, and F",1.29,1350974
arxiv_arxiv_2306.15124_Identifying_and_Consolidating_Knowledge_Engineering_Requirements.pdf,arXiv,arXiv,2306.15124,Identifying and Consolidating Knowledge Engineering Requirements,0.73,763596
arxiv_arxiv_2505.06885_Incremental_Analysis_of_Legacy_Applications_Using_Knowledge_Graphs_for_Applicati.pdf,arXiv,arXiv,2505.06885,Incremental Analysis of Legacy Applications Using Knowledge Graphs for Applicati,1.14,1200148
arxiv_arxiv_2004.06809_Issues_and_challenges_in_Cloud_Storage_Architecture_A_Survey.pdf,arXiv,arXiv,2004.06809,Issues and challenges in Cloud Storage Architecture A Survey,0.55,577302
arxiv_arxiv_2505.14629_KERL_Knowledge-Enhanced_Personalized_Recipe_Recommendation_using_Large_Language_.pdf,arXiv,arXiv,2505.14629,KERL Knowledge-Enhanced Personalized Recipe Recommendation using Large Language ,0.6,626620
arxiv_arxiv_2405.19877_KNOW_A_Real-World_Ontology_for_Knowledge_Capture_with_Large_Language_Models.pdf,arXiv,arXiv,2405.19877,KNOW A Real-World Ontology for Knowledge Capture with Large Language Models,0.25,257806
arxiv_arxiv_2506.06881_KnowCoder-V2_Deep_Knowledge_Analysis.pdf,arXiv,arXiv,2506.06881,KnowCoder-V2 Deep Knowledge Analysis,11.75,12318112
arxiv_arxiv_2308.13276_Knowledge-Based_Version_Incompatibility_Detection_for_Deep_Learning.pdf,arXiv,arXiv,2308.13276,Knowledge-Based Version Incompatibility Detection for Deep Learning,0.0,1024
arxiv_arxiv_2502.09771_Knowledge-Enhanced_Program_Repair_for_Data_Science_Code.pdf,arXiv,arXiv,2502.09771,Knowledge-Enhanced Program Repair for Data Science Code,1.09,1140848
arxiv_arxiv_2303.02204_Linked_Data_Science_Powered_by_Knowledge_Graphs.pdf,arXiv,arXiv,2303.02204,Linked Data Science Powered by Knowledge Graphs,0.0,420
arxiv_arxiv_2505.05177_MARK_Memory_Augmented_Refinement_of_Knowledge.pdf,arXiv,arXiv,2505.05177,MARK Memory Augmented Refinement of Knowledge,0.8,837604
arxiv_arxiv_2311.16502_MMMU_A_Massive_Multi-discipline_Multimodal_Understanding_and_Reasoning_Benchmark_for_Expert_AGI.pdf,arXiv,arXiv,2311.16502,MMMU A Massive Multi-discipline Multimodal Understanding and Reasoning Benchmark,16.09,16874947
arxiv_arxiv_2412.06157_Membership_Inference_Attacks_and_Defenses_in_Federated_Learning_A_Survey.pdf,arXiv,arXiv,2412.06157,Membership Inference Attacks and Defenses in Federated Learning A Survey,1.23,1293307
arxiv_arxiv_2306.05742_Microsoft_Word_-_IEEE_Software_Connecting_the_Dots_of_Knowledge_in_Agile_Softwar.pdf,arXiv,arXiv,2306.05742,Microsoft Word - IEEE Software Connecting the Dots of Knowledge in Agile Softwar,0.0,1024
arxiv_arxiv_2411.09062_Multimodal_Object_Detection_using_Depth_and_Image_Data_for_Manufacturing_Parts.pdf,arXiv,arXiv,2411.09062,Multimodal Object Detection using Depth and Image Data for Manufacturing Parts,3.54,3707790
arxiv_arxiv_2410.20984_Overview_of_Current_Challenges_in_Multi-Architecture_Software_Engineering_and_a_.pdf,arXiv,arXiv,2410.20984,Overview of Current Challenges in Multi-Architecture Software Engineering and a ,0.8,833911
arxiv_arxiv_2406.12815_Privacy_Preserving_Federated_Learning_in_Medical_Imaging_with_Uncertainty_Estimation.pdf,arXiv,arXiv,2406.12815,Privacy Preserving Federated Learning in Medical Imaging with Uncertainty Estima,2.39,2505127
arxiv_arxiv_2104.06824_Privacy-preserving_Federated_Learning_based_on_Multi-key_Homomorphic_Encryption.pdf,arXiv,arXiv,2104.06824,Privacy-preserving Federated Learning based on Multi-key Homomorphic Encryption,2.32,2427807
arxiv_arxiv_2401.03552_Privacy-preserving_in_Blockchain-based_Federated_Learning_Systems.pdf,arXiv,arXiv,2401.03552,Privacy-preserving in Blockchain-based Federated Learning Systems,1.69,1773191
arxiv_arxiv_2411.05260_QuanCrypt-FL_Quantized_Homomorphic_Encryption_with_Pruning_for_Secure_Federated_Learning.pdf,arXiv,arXiv,2411.05260,QuanCrypt-FL Quantized Homomorphic Encryption with Pruning for Secure Federated ,1.21,1273627
arxiv_arxiv_2503.15282_SENAI_Towards_Software_Engineering_Native_Generative_Artificial_Intelligence.pdf,arXiv,arXiv,2503.15282,SENAI Towards Software Engineering Native Generative Artificial Intelligence,0.65,685087
arxiv_arxiv_2212.11394_Skefl_Single-Key_Homomorphic_Encryption_for_Secure_Federated_Learning.pdf,arXiv,arXiv,2212.11394,Skefl Single-Key Homomorphic Encryption for Secure Federated Learning,0.46,480036
arxiv_arxiv_2208.07779_Steps_to_Knowledge_Graphs_Quality_Assessment.pdf,arXiv,arXiv,2208.07779,Steps to Knowledge Graphs Quality Assessment,0.3,314954
arxiv_arxiv_2211.10011_Structural_Quality_Metrics_to_Evaluate_Knowledge_Graphs.pdf,arXiv,arXiv,2211.10011,Structural Quality Metrics to Evaluate Knowledge Graphs,0.45,467415
arxiv_arxiv_2406.09639_TGB_2.0_A_Benchmark_for_Learning_on_Temporal_Knowledge_Graphs_and_Heterogeneous_Graphs.pdf,arXiv,arXiv,2406.09639,TGB 2.0 A Benchmark for Learning on Temporal Knowledge Graphs and Heterogeneous ,0.83,865171
arxiv_arxiv_2112.08025_TLogic_Temporal_Logical_Rules_for_Explainable_Link_Forecasting_on_Temporal_Knowledge_Graphs.pdf,arXiv,arXiv,2112.08025,TLogic Temporal Logical Rules for Explainable Link Forecasting on Temporal Knowl,0.28,295936
arxiv_arxiv_2406.14191_Temporal_Knowledge_Graph_Question_Answering_A_Survey.pdf,arXiv,arXiv,2406.14191,Temporal Knowledge Graph Question Answering A Survey,0.58,608437
arxiv_arxiv_2211.10904_Temporal_Knowledge_Graph_Reasoning_with_Historical_Contrastive_Learning.pdf,arXiv,arXiv,2211.10904,Temporal Knowledge Graph Reasoning with Historical Contrastive Learning,1.41,1475642
arxiv_arxiv_2311.18190_Toward_the_Tradeoffs_between_Privacy_Fairness_and_Utility_in_Federated_Learning.pdf,arXiv,arXiv,2311.18190,Toward the Tradeoffs between Privacy Fairness and Utility in Federated Learning,6.52,6836868
arxiv_arxiv_2209.01566_Towards_Top-Down_Automated_Development_in_Limited_Scopes_A_Neuro-Symbolic_Framew.pdf,arXiv,arXiv,2209.01566,Towards Top-Down Automated Development in Limited Scopes A Neuro-Symbolic Framew,0.0,716
arxiv_arxiv_2201.04876_Towards_a_Reference_Software_Architecture_for_Human-AI_Teaming_in_Smart_Manufact.pdf,arXiv,arXiv,2201.04876,Towards a Reference Software Architecture for Human-AI Teaming in Smart Manufact,0.5,519786
arxiv_arxiv_2202.11311_Web_of_Scholars_A_Scholar_Knowledge_Graph.pdf,arXiv,arXiv,2202.11311,Web of Scholars A Scholar Knowledge Graph,2.82,2958637
arxiv_2004.00071_.pdf,arXiv,arXiv,2004.00071,arxiv 2004.00071 ,0.06,64601
arxiv_2004.06809_Issues_and_challenges_in_Cloud_Storage_Architectur.pdf,arXiv,arXiv,2004.06809,arxiv 2004.06809 Issues and challenges in Cloud Storage Architectur,0.55,577302
arxiv_2004.06809_Issues_and_challenges_in_Cloud_Storage_Architecture_A_Survey.pdf,arXiv,arXiv,2004.06809,arxiv 2004.06809 Issues and challenges in Cloud Storage Architecture A Survey,0.55,577302
arxiv_2004.11794_A_Review_of_Privacy-preserving_Federated_Learning_.pdf,arXiv,arXiv,2004.11794,arxiv 2004.11794 A Review of Privacy-preserving Federated Learning ,0.47,497036
arxiv_2004.11794_A_Review_of_Privacy-preserving_Federated_Learning_for_the_Internet-of-Things.pdf,arXiv,arXiv,2004.11794,arxiv 2004.11794 A Review of Privacy-preserving Federated Learning for the Inter,0.47,497036
arxiv_2005.04306_Knowledge_Patterns.pdf,arXiv,arXiv,2005.04306,arxiv 2005.04306 Knowledge Patterns,0.51,531294
arxiv_2012.11936_Knowledge_Graphs_Evolution_and_Preservation_-_A_Te.pdf,arXiv,arXiv,2012.11936,arxiv 2012.11936 Knowledge Graphs Evolution and Preservation - A Te,4.41,4620954
arxiv_2012.11936_Knowledge_Graphs_Evolution_and_Preservation_-_A_Technical_Report_from_ISWS_2019.pdf,arXiv,arXiv,2012.11936,arxiv 2012.11936 Knowledge Graphs Evolution and Preservation - A Technical Repor,4.41,4620954
arxiv_2019_deep_learning_sequential_recommendation_survey.pdf,arXiv,arXiv,,arxiv 2019 deep learning sequential recommendation survey,1.45,1521280
arxiv_2020_temporal_graph_networks_dynamic_graphs.pdf,arXiv,arXiv,,arxiv 2020 temporal graph networks dynamic graphs,0.73,770389
arxiv_2021_dynamic_gnn_sequential_recommendation.pdf,arXiv,arXiv,,arxiv 2021 dynamic gnn sequential recommendation,0.93,975254
arxiv_2021_lifelong_learning_evolving_graphs_imbalanced_classes.pdf,arXiv,arXiv,,arxiv 2021 lifelong learning evolving graphs imbalanced classes,1.52,1595347
arxiv_2021_sequential_recommendation_gnn_surge.pdf,arXiv,arXiv,,arxiv 2021 sequential recommendation gnn surge,5.17,5421551
arxiv_2021_survey_accuracy_neural_recommendation.pdf,arXiv,arXiv,,arxiv 2021 survey accuracy neural recommendation,3.62,3800262
arxiv_2022_collaborative_kg_fusion_open_corpus.pdf,arXiv,arXiv,,arxiv 2022 collaborative kg fusion open corpus,1.9,1991874
arxiv_2022_fedgnn_privacy_preserving.pdf,arXiv,arXiv,,arxiv 2022 fedgnn privacy preserving,2.0,2093228
arxiv_2022_privacy_preserving_subgraph_federated_gnn.pdf,arXiv,arXiv,,arxiv 2022 privacy preserving subgraph federated gnn,0.93,976621
arxiv_2024_ctgnn_crystal_transformer_gnn.pdf,arXiv,arXiv,,arxiv 2024 ctgnn crystal transformer gnn,4.19,4389012
arxiv_2024_data_centric_artificial_intelligence_survey.pdf,arXiv,arXiv,,arxiv 2024 data centric artificial intelligence survey,1.0,1051800
arxiv_2024_fu_privacy_preserving_graph_ml_survey.pdf,arXiv,arXiv,,arxiv 2024 fu privacy preserving graph ml survey,2.96,3102878
arxiv_2024_graphusion_llm_kg_fusion_construction.pdf,arXiv,arXiv,,arxiv 2024 graphusion llm kg fusion construction,15.05,15782852
arxiv_2024_graphusion_rag_framework_global_perspective.pdf,arXiv,arXiv,,arxiv 2024 graphusion rag framework global perspective,14.87,15591189
arxiv_2024_semantic_modeling_building_energy_management_survey.pdf,arXiv,arXiv,,arxiv 2024 semantic modeling building energy management survey,1.69,1776520
arxiv_2024_semantic_processing_techniques_survey.pdf,arXiv,arXiv,,arxiv 2024 semantic processing techniques survey,1.78,1869587
arxiv_2025_detection_fusion_kg_extraction_videos.pdf,arXiv,arXiv,,arxiv 2025 detection fusion kg extraction videos,1.16,1213091
arxiv_2025_kg_manufacturing_process_planning.pdf,arXiv,arXiv,,arxiv 2025 kg manufacturing process planning,7.37,7723925
arxiv_2103.01387_Insert_Your_Title_Here.pdf,arXiv,arXiv,2103.01387,arxiv 2103.01387 Insert Your Title Here,0.74,772591
arxiv_2104.06824_Privacy-preserving_Federated_Learning_based_on_Mul.pdf,arXiv,arXiv,2104.06824,arxiv 2104.06824 Privacy-preserving Federated Learning based on Mul,2.32,2427807
arxiv_2104.06824_Privacy-preserving_Federated_Learning_based_on_Multi-key_Homomorphic_Encryption.pdf,arXiv,arXiv,2104.06824,arxiv 2104.06824 Privacy-preserving Federated Learning based on Multi-key Homomo,2.32,2427807
arxiv_2104.07587_Applying_Personal_Knowledge_Graphs_to_Health.pdf,arXiv,arXiv,2104.07587,arxiv 2104.07587 Applying Personal Knowledge Graphs to Health,0.07,70735
arxiv_2106.12857_.pdf,arXiv,arXiv,2106.12857,arxiv 2106.12857 ,1.34,1406050
arxiv_2110.10131_Personal_Health_Knowledge_Graph_for_Clinically_Rel.pdf,arXiv,arXiv,2110.10131,arxiv 2110.10131 Personal Health Knowledge Graph for Clinically Rel,0.73,762747
arxiv_2110.10131_Personal_Health_Knowledge_Graph_for_Clinically_Relevant_Diet_Recommendations.pdf,arXiv,arXiv,2110.10131,arxiv 2110.10131 Personal Health Knowledge Graph for Clinically Relevant Diet Re,0.73,762747
arxiv_2112.08025_TLogic_Temporal_Logical_Rules_for_Explainable_Lin.pdf,arXiv,arXiv,2112.08025,arxiv 2112.08025 TLogic Temporal Logical Rules for Explainable Lin,0.9,944265
arxiv_2112.08025_TLogic_Temporal_Logical_Rules_for_Explainable_Link_Forecasting_on_Temporal_Knowledge_Graphs.pdf,arXiv,arXiv,2112.08025,arxiv 2112.08025 TLogic Temporal Logical Rules for Explainable Link Forecasting ,0.9,944265
arxiv_2201.08163_Cognitive_Ledger_Project_Towards_Building_Persona.pdf,arXiv,arXiv,2201.08163,arxiv 2201.08163 Cognitive Ledger Project Towards Building Persona,0.48,503805
arxiv_2203.08507_Personal_Knowledge_Graphs_Use_Cases_in_e-learning.pdf,arXiv,arXiv,2203.08507,arxiv 2203.08507 Personal Knowledge Graphs Use Cases in e-learning,0.48,504782
arxiv_2203.08507_Personal_Knowledge_Graphs_Use_Cases_in_e-learning_Platforms.pdf,arXiv,arXiv,2203.08507,arxiv 2203.08507 Personal Knowledge Graphs Use Cases in e-learning Platforms,0.48,504782
arxiv_2203.15696_Auditing_Privacy_Defenses_in_Federated_Learning_vi.pdf,arXiv,arXiv,2203.15696,arxiv 2203.15696 Auditing Privacy Defenses in Federated Learning vi,14.2,14890544
arxiv_2203.15696_Auditing_Privacy_Defenses_in_Federated_Learning_via_Generative_Gradient_Leakage.pdf,arXiv,arXiv,2203.15696,arxiv 2203.15696 Auditing Privacy Defenses in Federated Learning via Generative ,14.2,14890544
arxiv_2204.00585_VAKG.pdf,arXiv,arXiv,2204.00585,arxiv 2204.00585 VAKG,4.96,5197808
arxiv_2204.11428_Personal_Research_Knowledge_Graphs.pdf,arXiv,arXiv,2204.11428,arxiv 2204.11428 Personal Research Knowledge Graphs,0.78,816316
"arxiv_2205.09088_A_Birds_Eye_View_on_Knowledge_Graph_Embeddings,_So.pdf",arXiv,arXiv,2205.09088,"arxiv 2205.09088 A Birds Eye View on Knowledge Graph Embeddings, So",1.25,1312289
arxiv_2205.10123_Lifelong_Personal_Context_Recognition.pdf,arXiv,arXiv,2205.10123,arxiv 2205.10123 Lifelong Personal Context Recognition,0.21,221352
arxiv_2206.03268_Ubiquitous_knowledge_empowers_the_Smart_Factory_T.pdf,arXiv,arXiv,2206.03268,arxiv 2206.03268 Ubiquitous knowledge empowers the Smart Factory T,3.45,3612840
arxiv_2206.07304_Knowledge_Management_System_with_NLP-Assisted_Anno.pdf,arXiv,arXiv,2206.07304,arxiv 2206.07304 Knowledge Management System with NLP-Assisted Anno,1.41,1480416
arxiv_2206.10212_A_Context_Model_for_Personal_Data_Streams.pdf,arXiv,arXiv,2206.10212,arxiv 2206.10212 A Context Model for Personal Data Streams,0.4,420460
arxiv_2206.10454_Microsoft_Word_-_INCOSE_SWTMethodology_v20.docx.pdf,arXiv,arXiv,2206.10454,arxiv 2206.10454 Microsoft Word - INCOSE SWTMethodology v20.docx,1.68,1756924
arxiv_2207.05560_1+12_Programming_Know-What_and_Know-How_Knowledg.pdf,arXiv,arXiv,2207.05560,arxiv 2207.05560 1+12 Programming Know-What and Know-How Knowledg,2.33,2445421
arxiv_2208.07779_Steps_to_Knowledge_Graphs_Quality_Assessment.pdf,arXiv,arXiv,2208.07779,arxiv 2208.07779 Steps to Knowledge Graphs Quality Assessment,0.3,314954
arxiv_2209.05698_KSG_Knowledge_and_Skill_Graph.pdf,arXiv,arXiv,2209.05698,arxiv 2209.05698 KSG Knowledge and Skill Graph,4.12,4320386
arxiv_2211.10011_Structural_Quality_Metrics_to_Evaluate_Knowledge_G.pdf,arXiv,arXiv,2211.10011,arxiv 2211.10011 Structural Quality Metrics to Evaluate Knowledge G,0.45,467415
arxiv_2211.10011_Structural_Quality_Metrics_to_Evaluate_Knowledge_Graphs.pdf,arXiv,arXiv,2211.10011,arxiv 2211.10011 Structural Quality Metrics to Evaluate Knowledge Graphs,0.45,467415
arxiv_2211.10904_Temporal_Knowledge_Graph_Reasoning_with_Historical.pdf,arXiv,arXiv,2211.10904,arxiv 2211.10904 Temporal Knowledge Graph Reasoning with Historical,1.41,1475642
arxiv_2211.10904_Temporal_Knowledge_Graph_Reasoning_with_Historical_Contrastive_Learning.pdf,arXiv,arXiv,2211.10904,arxiv 2211.10904 Temporal Knowledge Graph Reasoning with Historical Contrastive ,1.41,1475642
arxiv_2212.05937_Human_Digital_Twin_A_Survey.pdf,arXiv,arXiv,2212.05937,arxiv 2212.05937 Human Digital Twin A Survey,0.74,779932
arxiv_2212.11394_Skefl_Single-Key_Homomorphic_Encryption_for_Secur.pdf,arXiv,arXiv,2212.11394,arxiv 2212.11394 Skefl Single-Key Homomorphic Encryption for Secur,0.46,480036
arxiv_2212.11394_Skefl_Single-Key_Homomorphic_Encryption_for_Secure_Federated_Learning.pdf,arXiv,arXiv,2212.11394,arxiv 2212.11394 Skefl Single-Key Homomorphic Encryption for Secure Federated Le,0.46,480036
arxiv_2301.03930_.pdf,arXiv,arXiv,2301.03930,arxiv 2301.03930 ,6.66,6983467
arxiv_2301.03930_Networking_Architecture_and_Key_Technologies_for_H.pdf,arXiv,arXiv,2301.03930,arxiv 2301.03930 Networking Architecture and Key Technologies for H,6.66,6983467
arxiv_2301.03930_Networking_Technologies_for_Enabling_Human_Digital.pdf,arXiv,arXiv,2301.03930,arxiv 2301.03930 Networking Technologies for Enabling Human Digital,6.66,6983467
arxiv_2301.07676_.pdf,arXiv,arXiv,2301.07676,arxiv 2301.07676 ,1.34,1407129
arxiv_2302.03593_A_Systematic_Review_on_Human_Modeling_Digging_int.pdf,arXiv,arXiv,2302.03593,arxiv 2302.03593 A Systematic Review on Human Modeling Digging int,0.6,626748
arxiv_2302.05019_A_Comprehensive_Survey_on_Automatic_Knowledge_Grap.pdf,arXiv,arXiv,2302.05019,arxiv 2302.05019 A Comprehensive Survey on Automatic Knowledge Grap,2.42,2540064
arxiv_2302.11509_Construction_of_Knowledge_Graphs_State_and_Challe.pdf,arXiv,arXiv,2302.11509,arxiv 2302.11509 Construction of Knowledge Graphs State and Challe,0.98,1024220
arxiv_2303.02166_Towards_a_GML-Enabled_Knowledge_Graph_Platform.pdf,arXiv,arXiv,2303.02166,arxiv 2303.02166 Towards a GML-Enabled Knowledge Graph Platform,0.92,969238
arxiv_2303.13948_Knowledge_Graphs_Opportunities_and_Challenges.pdf,arXiv,arXiv,2303.13948,arxiv 2303.13948 Knowledge Graphs Opportunities and Challenges,1.08,1129624
arxiv_2304.01311_Knowledge_Graphs_in_Practice_Characterizing_their.pdf,arXiv,arXiv,2304.01311,arxiv 2304.01311 Knowledge Graphs in Practice Characterizing their,0.5,528313
arxiv_2304.09029_Knowledge_Graph_Building_Blocks_An_easy-to-use_Fr.pdf,arXiv,arXiv,2304.09029,arxiv 2304.09029 Knowledge Graph Building Blocks An easy-to-use Fr,4.55,4774786
arxiv_2304.09572_An_Ecosystem_for_Personal_Knowledge_Graphs_A_Surv.pdf,arXiv,arXiv,2304.09572,arxiv 2304.09572 An Ecosystem for Personal Knowledge Graphs A Surv,0.34,356909
arxiv_2304.09572_An_Ecosystem_for_Personal_Knowledge_Graphs_A_Survey_and_Research_Roadmap.pdf,arXiv,arXiv,2304.09572,arxiv 2304.09572 An Ecosystem for Personal Knowledge Graphs A Survey and Researc,0.34,356909
arxiv_2305.02077_An_Ontology_Design_Pattern_for_Role-Dependent_Name.pdf,arXiv,arXiv,2305.02077,arxiv 2305.02077 An Ontology Design Pattern for Role-Dependent Name,0.26,273594
arxiv_2305.02077_An_Ontology_Design_Pattern_for_Role-Dependent_Names.pdf,arXiv,arXiv,2305.02077,arxiv 2305.02077 An Ontology Design Pattern for Role-Dependent Names,0.26,273594
arxiv_2306.04758_SKG_A_Versatile_Information_Retrieval_and_Analysi.pdf,arXiv,arXiv,2306.04758,arxiv 2306.04758 SKG A Versatile Information Retrieval and Analysi,6.42,6731341
arxiv_2306.04758_SKG_A_Versatile_Information_Retrieval_and_Analysis_Framework_for_Academic_Papers_with_Semantic_Knowl.pdf,arXiv,arXiv,2306.04758,arxiv 2306.04758 SKG A Versatile Information Retrieval and Analysis Framework fo,6.42,6731341
arxiv_2306.06230_.pdf,arXiv,arXiv,2306.06230,arxiv 2306.06230 ,5.34,5602562
arxiv_2306.08302_Unifying_Large_Language_Models_and_Knowledge_Graph.pdf,arXiv,arXiv,2306.08302,arxiv 2306.08302 Unifying Large Language Models and Knowledge Graph,3.19,3347785
arxiv_2306.08302_Unifying_Large_Language_Models_and_Knowledge_Graphs_A_Roadmap.pdf,arXiv,arXiv,2306.08302,arxiv 2306.08302 Unifying Large Language Models and Knowledge Graphs A Roadmap,3.19,3347785
arxiv_2307.04772_Digital_Twins_for_Patient_Care_via_Knowledge_Graph.pdf,arXiv,arXiv,2307.04772,arxiv 2307.04772 Digital Twins for Patient Care via Knowledge Graph,0.19,195674
arxiv_2307.09225_Human_Body_Digital_Twin_A_Master_Plan.pdf,arXiv,arXiv,2307.09225,arxiv 2307.09225 Human Body Digital Twin A Master Plan,3.41,3575393
arxiv_2307.12173_arXiv_reCAPTCHA.pdf,arXiv,arXiv,2307.12173,arxiv 2307.12173 arXiv reCAPTCHA,1.1,1148600
arxiv_2308.01732_Towards_Self-organizing_Personal_Knowledge_Assista.pdf,arXiv,arXiv,2308.01732,arxiv 2308.01732 Towards Self-organizing Personal Knowledge Assista,6.49,6802400
arxiv_2308.02457_A_Survey_on_Temporal_Knowledge_Graph_Completion_T.pdf,arXiv,arXiv,2308.02457,arxiv 2308.02457 A Survey on Temporal Knowledge Graph Completion T,1.45,1521605
arxiv_2308.02457_A_Survey_on_Temporal_Knowledge_Graph_Completion_Taxonomy_Progress_and_Prospects.pdf,arXiv,arXiv,2308.02457,arxiv 2308.02457 A Survey on Temporal Knowledge Graph Completion Taxonomy Progre,1.45,1521605
arxiv_2308.03584_A_Polystore_Architecture_Using_Knowledge_Graphs_to.pdf,arXiv,arXiv,2308.03584,arxiv 2308.03584 A Polystore Architecture Using Knowledge Graphs to,0.76,796048
arxiv_2308.06653_Smart_Knowledge_Transfer_using_Google-like_Search.pdf,arXiv,arXiv,2308.06653,arxiv 2308.06653 Smart Knowledge Transfer using Google-like Search,0.41,425006
arxiv_2310.07793_GenTKG_Generative_Forecasting_on_Temporal_Knowled.pdf,arXiv,arXiv,2310.07793,arxiv 2310.07793 GenTKG Generative Forecasting on Temporal Knowled,1.59,1665537
arxiv_2310.07793_GenTKG_Generative_Forecasting_on_Temporal_Knowledge_Graph_with_Large_Language_Models.pdf,arXiv,arXiv,2310.07793,arxiv 2310.07793 GenTKG Generative Forecasting on Temporal Knowledge Graph with ,1.59,1665537
arxiv_2311.16502_MMMU_A_Massive_Multi-discipline_Multimodal_Unders.pdf,arXiv,arXiv,2311.16502,arxiv 2311.16502 MMMU A Massive Multi-discipline Multimodal Unders,16.09,16874947
arxiv_2311.16502_MMMU_A_Massive_Multi-discipline_Multimodal_Understanding_and_Reasoning_Benchmark_for_Expert_AGI.pdf,arXiv,arXiv,2311.16502,arxiv 2311.16502 MMMU A Massive Multi-discipline Multimodal Understanding and Re,16.09,16874947
arxiv_2311.18190_Toward_the_Tradeoffs_between_Privacy_Fairness_and_.pdf,arXiv,arXiv,2311.18190,arxiv 2311.18190 Toward the Tradeoffs between Privacy Fairness and ,6.52,6836868
arxiv_2311.18190_Toward_the_Tradeoffs_between_Privacy_Fairness_and_Utility_in_Federated_Learning.pdf,arXiv,arXiv,2311.18190,arxiv 2311.18190 Toward the Tradeoffs between Privacy Fairness and Utility in Fe,6.52,6836868
arxiv_2312.13680_HGE_Embedding_Temporal_Knowledge_Graphs_in_a_Prod.pdf,arXiv,arXiv,2312.13680,arxiv 2312.13680 HGE Embedding Temporal Knowledge Graphs in a Prod,5.39,5652590
arxiv_2312.13680_HGE_Embedding_Temporal_Knowledge_Graphs_in_a_Product_Space_of_Heterogeneous_Geometric_Subspaces.pdf,arXiv,arXiv,2312.13680,arxiv 2312.13680 HGE Embedding Temporal Knowledge Graphs in a Product Space of H,5.39,5652590
arxiv_2401.03552_Privacy-preserving_in_Blockchain-based_Federated_L.pdf,arXiv,arXiv,2401.03552,arxiv 2401.03552 Privacy-preserving in Blockchain-based Federated L,1.69,1773191
arxiv_2401.03552_Privacy-preserving_in_Blockchain-based_Federated_Learning_Systems.pdf,arXiv,arXiv,2401.03552,arxiv 2401.03552 Privacy-preserving in Blockchain-based Federated Learning Syste,1.69,1773191
arxiv_2401.06072_Chain_of_History_Learning_and_Forecasting_with_LL.pdf,arXiv,arXiv,2401.06072,arxiv 2401.06072 Chain of History Learning and Forecasting with LL,0.6,627800
arxiv_2401.06072_Chain_of_History_Learning_and_Forecasting_with_LLMs_for_Temporal_Knowledge_Graph_Completion.pdf,arXiv,arXiv,2401.06072,arxiv 2401.06072 Chain of History Learning and Forecasting with LLMs for Tempora,0.6,627800
arxiv_2402.06289_FedMIA_An_Effective_Membership_Inference_Attack_E.pdf,arXiv,arXiv,2402.06289,arxiv 2402.06289 FedMIA An Effective Membership Inference Attack E,2.97,3110079
arxiv_2402.06289_FedMIA_An_Effective_Membership_Inference_Attack_Exploiting_All_for_One_Principle_in_Federated_Learni.pdf,arXiv,arXiv,2402.06289,arxiv 2402.06289 FedMIA An Effective Membership Inference Attack Exploiting All ,2.97,3110079
arxiv_2402.07540_PKG_API_A_Tool_for_Personal_Knowledge_Graph_Manag.pdf,arXiv,arXiv,2402.07540,arxiv 2402.07540 PKG API A Tool for Personal Knowledge Graph Manag,0.75,787870
arxiv_2402.07540_PKG_API_A_Tool_for_Personal_Knowledge_Graph_Management.pdf,arXiv,arXiv,2402.07540,arxiv 2402.07540 PKG API A Tool for Personal Knowledge Graph Management,0.75,787870
arxiv_2403.02355_Temporal_Knowledge_Graph_Completion_with_Time-sens.pdf,arXiv,arXiv,2403.02355,arxiv 2403.02355 Temporal Knowledge Graph Completion with Time-sens,0.46,485583
arxiv_2403.02355_Temporal_Knowledge_Graph_Completion_with_Time-sensitive_Relations_in_Hypercomplex_Space.pdf,arXiv,arXiv,2403.02355,arxiv 2403.02355 Temporal Knowledge Graph Completion with Time-sensitive Relatio,0.46,485583
arxiv_2403.04782_A_Survey_on_Temporal_Knowledge_Graph_Representati.pdf,arXiv,arXiv,2403.04782,arxiv 2403.04782 A Survey on Temporal Knowledge Graph Representati,0.75,782084
arxiv_2403.04782_A_Survey_on_Temporal_Knowledge_Graph_Representation_Learning_and_Applications.pdf,arXiv,arXiv,2403.04782,arxiv 2403.04782 A Survey on Temporal Knowledge Graph Representation Learning an,0.75,782084
arxiv_2403.10588_S3LLM_Large-Scale_Scientific_Software_Understandi.pdf,arXiv,arXiv,2403.10588,arxiv 2403.10588 S3LLM Large-Scale Scientific Software Understandi,0.69,720246
arxiv_2405.03524_Exploring_knowledge_graph-based_neural-symbolic_sy.pdf,arXiv,arXiv,2405.03524,arxiv 2405.03524 Exploring knowledge graph-based neural-symbolic sy,0.92,964585
arxiv_2405.19686_Knowledge_Graph_Tuning_Real-time_Large_Language_M.pdf,arXiv,arXiv,2405.19686,arxiv 2405.19686 Knowledge Graph Tuning Real-time Large Language M,2.1,2205891
arxiv_2405.19686_Knowledge_Graph_Tuning_Real-time_Large_Language_Model_Personalization_based_on_Human_Feedback.pdf,arXiv,arXiv,2405.19686,arxiv 2405.19686 Knowledge Graph Tuning Real-time Large Language Model Personali,2.1,2205891
arxiv_2406.04710_Morescient_GAI_for_Software_Engineering.pdf,arXiv,arXiv,2406.04710,arxiv 2406.04710 Morescient GAI for Software Engineering,0.77,811341
arxiv_2406.09639_TGB_2.0_A_Benchmark_for_Learning_on_Temporal_Know.pdf,arXiv,arXiv,2406.09639,arxiv 2406.09639 TGB 2.0 A Benchmark for Learning on Temporal Know,0.83,865171
arxiv_2406.09639_TGB_2.0_A_Benchmark_for_Learning_on_Temporal_Knowledge_Graphs_and_Heterogeneous_Graphs.pdf,arXiv,arXiv,2406.09639,arxiv 2406.09639 TGB 2.0 A Benchmark for Learning on Temporal Knowledge Graphs a,0.83,865171
arxiv_2406.12815_Privacy_Preserving_Federated_Learning_in_Medical_I.pdf,arXiv,arXiv,2406.12815,arxiv 2406.12815 Privacy Preserving Federated Learning in Medical I,2.39,2505127
arxiv_2406.12815_Privacy_Preserving_Federated_Learning_in_Medical_Imaging_with_Uncertainty_Estimation.pdf,arXiv,arXiv,2406.12815,arxiv 2406.12815 Privacy Preserving Federated Learning in Medical Imaging with U,2.39,2505127
arxiv_2406.13791_IoT-Based_Preventive_Mental_Health_Using_Knowledge.pdf,arXiv,arXiv,2406.13791,arxiv 2406.13791 IoT-Based Preventive Mental Health Using Knowledge,0.32,335460
arxiv_2406.14191_Temporal_Knowledge_Graph_Question_Answering_A_Sur.pdf,arXiv,arXiv,2406.14191,arxiv 2406.14191 Temporal Knowledge Graph Question Answering A Sur,0.58,608437
arxiv_2406.14191_Temporal_Knowledge_Graph_Question_Answering_A_Survey.pdf,arXiv,arXiv,2406.14191,arxiv 2406.14191 Temporal Knowledge Graph Question Answering A Survey,0.58,608437
arxiv_2408.03910_framework_Bridging_Large_Language_Models_and_Cod.pdf,arXiv,arXiv,2408.03910,arxiv 2408.03910 framework Bridging Large Language Models and Cod,2.34,2453690
arxiv_2408.08632_A_Survey_on_Benchmarks_of_Multimodal_Large_Languag.pdf,arXiv,arXiv,2408.08632,arxiv 2408.08632 A Survey on Benchmarks of Multimodal Large Languag,1.44,1513037
arxiv_2408.08632_A_Survey_on_Benchmarks_of_Multimodal_Large_Language_Models.pdf,arXiv,arXiv,2408.08632,arxiv 2408.08632 A Survey on Benchmarks of Multimodal Large Language Models,1.44,1513037
arxiv_2408.14494_Knowledge_Graph_Modeling-Driven_Large_Language_Mod.pdf,arXiv,arXiv,2408.14494,arxiv 2408.14494 Knowledge Graph Modeling-Driven Large Language Mod,0.5,528449
arxiv_2409.19756_Advances_in_Privacy_Preserving_Federated_Learning_.pdf,arXiv,arXiv,2409.19756,arxiv 2409.19756 Advances in Privacy Preserving Federated Learning ,0.6,624747
arxiv_2409.19756_Advances_in_Privacy_Preserving_Federated_Learning_to_Realize_a_Truly_Learning_Healthcare_System.pdf,arXiv,arXiv,2409.19756,arxiv 2409.19756 Advances in Privacy Preserving Federated Learning to Realize a ,0.6,624747
arxiv_2410.11531_AGENTiGraph_An_Interactive_Knowledge_Graph_Platfo.pdf,arXiv,arXiv,2410.11531,arxiv 2410.11531 AGENTiGraph An Interactive Knowledge Graph Platfo,1.39,1459809
arxiv_2410.11531_AGENTiGraph_An_Interactive_Knowledge_Graph_Platform_for_LLM-based_Chatbots_Utilizing_Private_Data.pdf,arXiv,arXiv,2410.11531,arxiv 2410.11531 AGENTiGraph An Interactive Knowledge Graph Platform for LLM-bas,1.39,1459809
arxiv_2411.05260_QuanCrypt-FL_Quantized_Homomorphic_Encryption_wit.pdf,arXiv,arXiv,2411.05260,arxiv 2411.05260 QuanCrypt-FL Quantized Homomorphic Encryption wit,1.21,1273627
arxiv_2411.05260_QuanCrypt-FL_Quantized_Homomorphic_Encryption_with_Pruning_for_Secure_Federated_Learning.pdf,arXiv,arXiv,2411.05260,arxiv 2411.05260 QuanCrypt-FL Quantized Homomorphic Encryption with Pruning for ,1.21,1273627
arxiv_2411.09062_Multimodal_Object_Detection_using_Depth_and_Image_.pdf,arXiv,arXiv,2411.09062,arxiv 2411.09062 Multimodal Object Detection using Depth and Image ,3.59,3766666
arxiv_2411.09062_Multimodal_Object_Detection_using_Depth_and_Image_Data_for_Manufacturing_Parts.pdf,arXiv,arXiv,2411.09062,arxiv 2411.09062 Multimodal Object Detection using Depth and Image Data for Manu,3.59,3766666
arxiv_2412.06157_Membership_Inference_Attacks_and_Defenses_in_Feder.pdf,arXiv,arXiv,2412.06157,arxiv 2412.06157 Membership Inference Attacks and Defenses in Feder,1.23,1293307
arxiv_2412.06157_Membership_Inference_Attacks_and_Defenses_in_Federated_Learning_A_Survey.pdf,arXiv,arXiv,2412.06157,arxiv 2412.06157 Membership Inference Attacks and Defenses in Federated Learning,1.23,1293307
arxiv_2412.13660_PsyDT_Using_LLMs_to_Construct_the_Digital_Twin_of.pdf,arXiv,arXiv,2412.13660,arxiv 2412.13660 PsyDT Using LLMs to Construct the Digital Twin of,3.99,4181265
arxiv_2412.16833_KG4Diagnosis_A_Hierarchical_Multi-Agent_LLM_Frame.pdf,arXiv,arXiv,2412.16833,arxiv 2412.16833 KG4Diagnosis A Hierarchical Multi-Agent LLM Frame,34.76,36445811
arxiv_2412.16833_KG4Diagnosis_A_Hierarchical_Multi-Agent_LLM_Framework_with_Knowledge_Graph_Enhancement_for_Medical_D.pdf,arXiv,arXiv,2412.16833,arxiv 2412.16833 KG4Diagnosis A Hierarchical Multi-Agent LLM Framework with Know,34.76,36445811
arxiv_2501.12911_A_Selective_Homomorphic_Encryption_Approach_for_Fa.pdf,arXiv,arXiv,2501.12911,arxiv 2501.12911 A Selective Homomorphic Encryption Approach for Fa,2.07,2170999
arxiv_2501.12911_A_Selective_Homomorphic_Encryption_Approach_for_Faster_Privacy-Preserving_Federated_Learning.pdf,arXiv,arXiv,2501.12911,arxiv 2501.12911 A Selective Homomorphic Encryption Approach for Faster Privacy-,2.07,2170999
arxiv_2502.15689_[PDF]_Knowledge_Graphs_The_Future_of_Data_Integra.pdf,arXiv,arXiv,2502.15689,arxiv 2502.15689 [PDF] Knowledge Graphs The Future of Data Integra,1.5,1571343
arxiv_2502.15689_[PDF]_Knowledge_Graphs_The_Future_of_Data_Integration_and_Insightful_....pdf,arXiv,arXiv,2502.15689,arxiv 2502.15689 [PDF] Knowledge Graphs The Future of Data Integration and Insig,1.5,1571343
arxiv_2503.11346_AIstorian_lets_AI_be_a_historian_A_KG-powered_mul.pdf,arXiv,arXiv,2503.11346,arxiv 2503.11346 AIstorian lets AI be a historian A KG-powered mul,4.81,5047188
arxiv_2503.11346_AIstorian_lets_AI_be_a_historian_A_KG-powered_multi-agent_system_for_accurate_biography_generation.pdf,arXiv,arXiv,2503.11346,arxiv 2503.11346 AIstorian lets AI be a historian A KG-powered multi-agent syste,4.81,5047188
arxiv_2504.02670_Affordable_AI_Assistants_with_Knowledge_Graph_of_T.pdf,arXiv,arXiv,2504.02670,arxiv 2504.02670 Affordable AI Assistants with Knowledge Graph of T,3.34,3507144
arxiv_2504.03147_A_Human_Digital_Twin_Architecture_for_Knowledge-ba.pdf,arXiv,arXiv,2504.03147,arxiv 2504.03147 A Human Digital Twin Architecture for Knowledge-ba,0.53,554874
arxiv_2504.03147_A_Human_Digital_Twin_Architecture_for_Knowledge-based_Interactions_and_Context-Aware_Conversations.pdf,arXiv,arXiv,2504.03147,arxiv 2504.03147 A Human Digital Twin Architecture for Knowledge-based Interacti,0.53,554874
arxiv_2504.14594_HealthGenie_Empowering_Users_with_Healthy_Dietary.pdf,arXiv,arXiv,2504.14594,arxiv 2504.14594 HealthGenie Empowering Users with Healthy Dietary,3.5,3665821
arxiv_2504.14594_HealthGenie_Empowering_Users_with_Healthy_Dietary_Guidance_through_Knowledge_Graph_and_Large_Languag.pdf,arXiv,arXiv,2504.14594,arxiv 2504.14594 HealthGenie Empowering Users with Healthy Dietary Guidance thro,3.5,3665821
arxiv_2504.20109_Personalized_Artificial_General_Intelligence_(AGI).pdf,arXiv,arXiv,2504.20109,arxiv 2504.20109 Personalized Artificial General Intelligence (AGI),6.66,6978816
arxiv_2504.20109_Personalized_Artificial_General_Intelligence_(AGI)_via_Neuroscience-Inspired_Continuous_Learning_Sys.pdf,arXiv,arXiv,2504.20109,arxiv 2504.20109 Personalized Artificial General Intelligence (AGI) via Neurosci,6.66,6978816
arxiv_2505.01206_Design_for_a_Digital_Twin_in_Clinical_Patient_Care.pdf,arXiv,arXiv,2505.01206,arxiv 2505.01206 Design for a Digital Twin in Clinical Patient Care,0.7,730230
arxiv_2505.03654_ReGraP-LLaVA_Reasoning_enabled_Graph-based_Person.pdf,arXiv,arXiv,2505.03654,arxiv 2505.03654 ReGraP-LLaVA Reasoning enabled Graph-based Person,8.53,8949266
arxiv_2505.07184_Structural_Entropy_Guided_Agent_for_Detecting_and_.pdf,arXiv,arXiv,2505.07184,arxiv 2505.07184 Structural Entropy Guided Agent for Detecting and ,4.68,4903240
arxiv_2505.09945_Personalizing_Large_Language_Models_using_Retrieva.pdf,arXiv,arXiv,2505.09945,arxiv 2505.09945 Personalizing Large Language Models using Retrieva,0.71,744083
arxiv_2505.09945_Personalizing_Large_Language_Models_using_Retrieval_Augmented_Generation_and_Knowledge_Graph.pdf,arXiv,arXiv,2505.09945,arxiv 2505.09945 Personalizing Large Language Models using Retrieval Augmented G,0.71,744083
arxiv_2505.13246_Agentic_Publications_An_LLM-Driven_Framework_for_.pdf,arXiv,arXiv,2505.13246,arxiv 2505.13246 Agentic Publications An LLM-Driven Framework for ,2.26,2367238
arxiv_2506.07285_Research_Knowledge_Graphs_the_Shifting_Paradigm_o.pdf,arXiv,arXiv,2506.07285,arxiv 2506.07285 Research Knowledge Graphs the Shifting Paradigm o,0.43,445797
arxiv_2506.07285_Research_Knowledge_Graphs_the_Shifting_Paradigm_of_Scholarly_Information_Representation.pdf,arXiv,arXiv,2506.07285,arxiv 2506.07285 Research Knowledge Graphs the Shifting Paradigm of Scholarly In,0.43,445797
arxiv_2506.08486_RHealthTwin_Towards_Responsible_and_Multimodal_Di.pdf,arXiv,arXiv,2506.08486,arxiv 2506.08486 RHealthTwin Towards Responsible and Multimodal Di,1.52,1596023
arxiv_2506.08486_RHealthTwin_Towards_Responsible_and_Multimodal_Digital_Twins_for_Personalized_Well-being.pdf,arXiv,arXiv,2506.08486,arxiv 2506.08486 RHealthTwin Towards Responsible and Multimodal Digital Twins fo,1.52,1596023
arxiv_phkg_framework_2023.pdf,arXiv,arXiv,,arxiv phkg framework 2023,0.6,627872
temporal_cognitive_arxiv_2403.04782_A_Survey_on_Temporal_Knowledge_Graph_Representation_Learning_and_Applications.pdf,arXiv,unknown,2403.04782,A Survey on Temporal Knowledge Graph Representation Learning and Applications,0.75,782084
temporal_cognitive_arxiv_2401.06853_Large_Language_Models_Can_Learn_Temporal_Reasoning.pdf,arXiv,unknown,2401.06853,Large Language Models Can Learn Temporal Reasoning,0.65,683108
temporal_cognitive_arxiv_2410.05558_Narrative-of-Thought_Improving_Temporal_Reasoning_of_Large_Language_Models_via_R.pdf,arXiv,unknown,2410.05558,Narrative-of-Thought Improving Temporal Reasoning of Large Language Models via R,0.92,961837
temporal_cognitive_arxiv_2502.00020_Temporal_Reasoning_in_AI_systems.pdf,arXiv,unknown,2502.00020,Temporal Reasoning in AI systems,0.4,421458
temporal_cognitive_arxiv_2501.00152_Temporal_reasoning_for_timeline_summarisation_in_social_media.pdf,arXiv,unknown,2501.00152,Temporal reasoning for timeline summarisation in social media,0.72,758547
temporal_cognitive_arxiv_2505.13508_Time-R1_Towards_Comprehensive_Temporal_Reasoning_in_LLMs.pdf,arXiv,unknown,2505.13508,Time-R1 Towards Comprehensive Temporal Reasoning in LLMs,1.45,1518753
temporal_cognitive_arxiv_2311.17667_TimeBench_A_Comprehensive_Evaluation_of_Temporal_Reasoning_Abilities_in_Large_La.pdf,arXiv,unknown,2311.17667,TimeBench A Comprehensive Evaluation of Temporal Reasoning Abilities in Large La,0.82,855181
pkg_api_management_2024.pdf,unknown,Personal Knowledge Graphs,,pkg api management 2024,0.75,787870
pkg_ecosystem_survey_roadmap_2024.pdf,unknown,Personal Knowledge Graphs,,pkg ecosystem survey roadmap 2024,0.34,356909
privacy_preserving_synthetic_kg_2024.pdf,unknown,Privacy-Preserving,,privacy preserving synthetic kg 2024,1.54,1616692
0734.pdf,unknown,unknown,,0734,0.3,318266
1-s2.0-S0010027720302353-main.pdf,unknown,unknown,,1-s2.0-S0010027720302353-main,1.35,1418525
1-s2.0-S0010027724000751-main.pdf,unknown,unknown,,1-s2.0-S0010027724000751-main,1.55,1623468
1-s2.0-S0098300422000450-main.pdf,unknown,unknown,,1-s2.0-S0098300422000450-main,3.32,3478088
1-s2.0-S0164121218302772-main.pdf,unknown,unknown,,1-s2.0-S0164121218302772-main,1.3,1360874
1-s2.0-S0167404821002261-main.pdf,unknown,unknown,,1-s2.0-S0167404821002261-main,2.71,2841925
1-s2.0-S0169023X21000239-main.pdf,unknown,unknown,,1-s2.0-S0169023X21000239-main,1.77,1851804
1-s2.0-S0278612524001572-main.pdf,unknown,unknown,,1-s2.0-S0278612524001572-main,17.81,18670622
1-s2.0-S0306457319303401-main.pdf,unknown,unknown,,1-s2.0-S0306457319303401-main,3.37,3532254
1-s2.0-S0378778821011129-am.pdf,unknown,unknown,,1-s2.0-S0378778821011129-am,9.47,9934258
1-s2.0-S0743731524000820-main.pdf,unknown,unknown,,1-s2.0-S0743731524000820-main,2.1,2199581
1-s2.0-S0926580523003692-main.pdf,unknown,unknown,,1-s2.0-S0926580523003692-main,16.9,17725602
1-s2.0-S0957417423027719-main.pdf,unknown,unknown,,1-s2.0-S0957417423027719-main,3.21,3364985
1-s2.0-S1319157823004007-main.pdf,unknown,unknown,,1-s2.0-S1319157823004007-main,4.58,4806559
1-s2.0-S1389041724000597-main.pdf,unknown,unknown,,1-s2.0-S1389041724000597-main,2.24,2348667
1-s2.0-S1570826824000052-main.pdf,unknown,unknown,,1-s2.0-S1570826824000052-main,2.57,2690863
1-s2.0-S1570826824000052-main (1).pdf,unknown,unknown,,1-s2.0-S1570826824000052-main (1),2.57,2690863
1-s2.0-S187705091931107X-main.pdf,unknown,unknown,,1-s2.0-S187705091931107X-main,0.82,856628
1-s2.0-S2352938521000525-main.pdf,unknown,unknown,,1-s2.0-S2352938521000525-main,10.06,10548482
1-s2.0-S2405844024014142-main.pdf,unknown,unknown,,1-s2.0-S2405844024014142-main,2.43,2543696
1-s2.0-S2405896319313291-main.pdf,unknown,unknown,,1-s2.0-S2405896319313291-main,1.04,1087430
1-s2.0-S2666651024000044-main.pdf,unknown,unknown,,1-s2.0-S2666651024000044-main,0.76,798370
10-1108_k-05-2020-0324.pdf,unknown,unknown,,10-1108 k-05-2020-0324,2.29,2400906
1687627.1687657.pdf,unknown,unknown,,1687627.1687657,0.86,902508
1977.full.pdf,unknown,unknown,,1977.full,5.52,5787402
20746-13-24759-1-2-20220628.pdf,unknown,unknown,,20746-13-24759-1-2-20220628,0.15,160447
2401.11089v1.pdf,unknown,unknown,,2401.11089v1,0.83,870860
2502.15689v1.pdf,unknown,unknown,,2502.15689v1,1.5,1571343
2506.17001v1.pdf,unknown,unknown,,2506.17001v1,4.75,4980710
31795-Article Text-35864-1-2-20241107.pdf,unknown,unknown,,31795-Article Text-35864-1-2-20241107,1.43,1502806
3236024.3275428.pdf,unknown,unknown,,3236024.3275428,0.58,604888
3340531.3412028.pdf,unknown,unknown,,3340531.3412028,1.26,1322673
3341981.3344241.pdf,unknown,unknown,,3341981.3344241,0.81,851013
3404835.3462963.pdf,unknown,unknown,,3404835.3462963,1.68,1761580
3411764.3445767.pdf,unknown,unknown,,3411764.3445767,19.27,20209035
3463274.3463357.pdf,unknown,unknown,,3463274.3463357,0.62,646254
3487553.3524654.pdf,unknown,unknown,,3487553.3524654,0.78,818006
3522586.pdf,unknown,unknown,,3522586,16.27,17055338
3555312.pdf,unknown,unknown,,3555312,3.42,3582320
3557990.3567586.pdf,unknown,unknown,,3557990.3567586,0.8,834303
3589334.3645376.pdf,unknown,unknown,,3589334.3645376,4.7,4932081
3589335.3651533.pdf,unknown,unknown,,3589335.3651533,0.97,1020823
3594806.3596596.pdf,unknown,unknown,,3594806.3596596,0.96,1007459
3595185.pdf,unknown,unknown,,3595185,1.76,1846836
3606017.pdf,unknown,unknown,,3606017,1.51,1578123
3610661.3616182.pdf,unknown,unknown,,3610661.3616182,3.39,3559308
3622784.pdf,unknown,unknown,,3622784,5.59,5864365
3626246.3653393.pdf,unknown,unknown,,3626246.3653393,0.99,1038206
3626772.3657665.pdf,unknown,unknown,,3626772.3657665,2.12,2226546
3636555.3636881.pdf,unknown,unknown,,3636555.3636881,2.8,2939538
3653015.pdf,unknown,unknown,,3653015,2.73,2860700
3696410.3714853.pdf,unknown,unknown,,3696410.3714853,2.7,2828267
3698038.3698529.pdf,unknown,unknown,,3698038.3698529,2.97,3112688
6358.pdf,unknown,unknown,,6358,0.86,899204
978-3-030-59833-4_8.pdf,unknown,unknown,,978-3-030-59833-4 8,0.21,220403
978-3-642-16441-5.pdf,unknown,unknown,,978-3-642-16441-5,4.54,4761260
978-3-642-40148-0.pdf,unknown,unknown,,978-3-642-40148-0,11.29,11833361
A_Blockchain-Based_Personal_Health_Knowledge_Graph_for_Secure_Integrated_Health_Data_Management.pdf,unknown,unknown,,A Blockchain-Based Personal Health Knowledge Graph for Secure Integrated Health ,1.62,1703638
Akroyd-2021-Universal-digital-twin---a-dynamic-.pdf,unknown,unknown,,Akroyd-2021-Universal-digital-twin---a-dynamic-,2.61,2740120
An_Efficient_Big_Data_Storage_Service_Architecture.pdf,unknown,unknown,,An Efficient Big Data Storage Service Architecture,3.08,3234441
Azeroual-2019-Solving-problems-of-research-inform.pdf,unknown,unknown,,Azeroual-2019-Solving-problems-of-research-inform,1.59,1665093
Bernard-2024-Pkg-api-a-tool-for-personal-knowled.pdf,unknown,unknown,,Bernard-2024-Pkg-api-a-tool-for-personal-knowled,1.21,1267891
Bui-2024-Cross-data-knowledge-graph-construc.pdf,unknown,unknown,,Bui-2024-Cross-data-knowledge-graph-construc,1.4,1468068
Cai-2023-Temporal-knowledge-graph-completion.pdf,unknown,unknown,,Cai-2023-Temporal-knowledge-graph-completion,0.3,318266
Callahan-2024-An-open-source-knowledge-graph-ecos.pdf,unknown,unknown,,Callahan-2024-An-open-source-knowledge-graph-ecos,3.02,3171534
Carriero-2021-Pattern-based-design-applied-to-cul.pdf,unknown,unknown,,Carriero-2021-Pattern-based-design-applied-to-cul,6.75,7075357
Cross-Data_Knowledge_Graph_Construction_HCMUT.pdf,unknown,unknown,,Cross-Data Knowledge Graph Construction HCMUT,1.4,1468068
DagRep.14.2.1.pdf,unknown,unknown,,DagRep.14.2.1,2.07,2165931
Digital_Personal_Health_Coaching_HPV_PMC.pdf,unknown,unknown,,Digital Personal Health Coaching HPV PMC,0.0,134
Digital_Personal_Health_Coaching_Platform_HPV_KG.pdf,unknown,unknown,,Digital Personal Health Coaching Platform HPV KG,0.0,134
PMC11595921_Digital_Twins_Healthcare.pdf,unknown,unknown,,Digital Twins Healthcare,0.0,134
EC32023_262.pdf,unknown,unknown,,EC32023 262,0.77,804621
Expert Systems - 2024 - Chen - Temporal Knowledge Graph Reasoning Based on Dynamic Fusion Representation Learning.pdf,unknown,unknown,,Expert Systems - 2024 - Chen - Temporal Knowledge Graph Reasoning Based on Dynam,2.75,2880197
FULLTEXT01.pdf,unknown,unknown,,FULLTEXT01,0.68,709038
Feng-2025-A-contrastive-learning-framework-wi.pdf,unknown,unknown,,Feng-2025-A-contrastive-learning-framework-wi,7.24,7592062
Geng-2025-Learning-temporal-granularity-with-.pdf,unknown,unknown,,Geng-2025-Learning-temporal-granularity-with-,2.09,2191157
Hu-2024-User-behavior-enriched-temporal-kno.pdf,unknown,unknown,,Hu-2024-User-behavior-enriched-temporal-kno,5.0,5242319
Hubscher-2020-Integration-of-knowledge-and-task-m.pdf,unknown,unknown,,Hubscher-2020-Integration-of-knowledge-and-task-m,4.35,4561980
ISJv23p119-145Schmitt6471.pdf,unknown,unknown,,ISJv23p119-145Schmitt6471,3.62,3799940
Ilkou-2022-Personal-knowledge-graphs-use-cases.pdf,unknown,unknown,,Ilkou-2022-Personal-knowledge-graphs-use-cases,0.49,510626
Kerren-2025-Exploring-the-role-of-dimensionalit.pdf,unknown,unknown,,Kerren-2025-Exploring-the-role-of-dimensionalit,1.17,1222045
Knowledge_Graph_Construction_Facade_SPARQL_Anything.pdf,unknown,unknown,,Knowledge Graph Construction Facade SPARQL Anything,3.13,3278900
Korobko-2019-Matching-disparate-dimensions-for-a.pdf,unknown,unknown,,Korobko-2019-Matching-disparate-dimensions-for-a,0.58,605040
Kuhlenkamp-2014-Benchmarking-scalability-and-elasti.pdf,unknown,unknown,,Kuhlenkamp-2014-Benchmarking-scalability-and-elasti,0.35,368828
LLM+KG-1.pdf,unknown,unknown,,LLM+KG-1,0.16,171603
Large_Scale_Multimodal_Data_Capture_Evaluation_and_Maintenance_Framework_for_Autonomous_Driving_Datasets.pdf,unknown,unknown,,Large Scale Multimodal Data Capture Evaluation and Maintenance Framework for Aut,0.98,1023321
Leroy-2025-The-role-of-working-memory-capacity.pdf,unknown,unknown,,Leroy-2025-The-role-of-working-memory-capacity,3.23,3388528
Lim-2010-Key-management-for-large-scale-dist.pdf,unknown,unknown,,Lim-2010-Key-management-for-large-scale-dist,0.23,245756
Local-Global_History-Aware_Contrastive_Learning_for_Temporal_Knowledge_Graph_Reasoning.pdf,unknown,unknown,,Local-Global History-Aware Contrastive Learning for Temporal Knowledge Graph Rea,0.9,947489
Local-Global_History-aware_Contrastive_Learning_for_TKGR.pdf,unknown,unknown,,Local-Global History-aware Contrastive Learning for TKGR,1.36,1421416
Malec-2022-Causal-feature-selection-using-a-kn.pdf,unknown,unknown,,Malec-2022-Causal-feature-selection-using-a-kn,5.16,5411929
Mobile Information Systems - 2021 - Shen - Deriving Design Knowledge Graph for Complex Sociotechnical Systems Using the AIA.pdf,unknown,unknown,,Mobile Information Systems - 2021 - Shen - Deriving Design Knowledge Graph for C,1.17,1228900
Peng-2023-Knowledge-graphs-opportunities-and-.pdf,unknown,unknown,,Peng-2023-Knowledge-graphs-opportunities-and-,1.46,1526862
Personalized_Diabetes_Management_Digital_Twins_PHKG.pdf,unknown,unknown,,Personalized Diabetes Management Digital Twins PHKG,2.81,2949150
Platform_Development_for_Proof-of-Concept_of_Smartphone-based_Continuous_Complex_Positioning.pdf,unknown,unknown,,Platform Development for Proof-of-Concept of Smartphone-based Continuous Complex,0.39,403799
Question_Answering_Over_Temporal_KG_ACL2021.pdf,unknown,unknown,,Question Answering Over Temporal KG ACL2021,0.48,499925
Question_Answering_Over_Temporal_Knowledge_Graphs_2021.pdf,unknown,unknown,,Question Answering Over Temporal Knowledge Graphs 2021,0.48,499838
Question_answering_over_temporal_knowledge_graphs_based_on_hierarchical_semantic_extraction.pdf,unknown,unknown,,Question answering over temporal knowledge graphs based on hierarchical semantic,0.68,713320
Ren-2023-Recommendation-system-based-on-temp.pdf,unknown,unknown,,Ren-2023-Recommendation-system-based-on-temp,0.56,587920
Saariluoma-2024-A-human-digital-twin-for-the-m-mach.pdf,unknown,unknown,,Saariluoma-2024-A-human-digital-twin-for-the-m-mach,0.65,676348
Schmitt-2020-Designing-decentralized-knowledge-m.pdf,unknown,unknown,,Schmitt-2020-Designing-decentralized-knowledge-m,2.17,2271776
Secure_Federated_Learning_With_Fully_Homomorphic_Encryption_for_IoT_Communications.pdf,unknown,unknown,,Secure Federated Learning With Fully Homomorphic Encryption for IoT Communicatio,3.85,4032681
Shang-2024-Electronic-health-recordoriented-kn.pdf,unknown,unknown,,Shang-2024-Electronic-health-recordoriented-kn,1.93,2021098
Su-2025-Digital-twin-system-for-manufacturi.pdf,unknown,unknown,,Su-2025-Digital-twin-system-for-manufacturi,2.64,2767565
SysML-based_Integration_Framework.pdf,unknown,unknown,,SysML-based Integration Framework,0.77,802311
Temporal_Knowledge_Graph_Question_Answering_Survey_2024.pdf,unknown,unknown,,Temporal Knowledge Graph Question Answering Survey 2024,0.58,608437
Teraoka-2011-Aggregation-and-exploration-of-hete.pdf,unknown,unknown,,Teraoka-2011-Aggregation-and-exploration-of-hete,2.3,2414951
TimelineKGQA_2025.pdf,unknown,unknown,,TimelineKGQA 2025,0.66,696954
WIREs Data Min   Knowl - 2023 - Chakraborty - A comprehensive survey of personal knowledge graphs.pdf,unknown,unknown,,WIREs Data Min   Knowl - 2023 - Chakraborty - A comprehensive survey of personal,2.24,2353445
Wang-2025-Blind-multimodal-quality-assessment.pdf,unknown,unknown,,Wang-2025-Blind-multimodal-quality-assessment,13.05,13686083
Wireless Communications and Mobile Computing - 2023 - Zhang - PrivacyPreserving Federated Graph Neural Network Learning on.pdf,unknown,unknown,,Wireless Communications and Mobile Computing - 2023 - Zhang - PrivacyPreserving,0.56,585721
Xie-2022-Enabling-building-digital-twin-onto.pdf,unknown,unknown,,Xie-2022-Enabling-building-digital-twin-onto,9.49,9950263
Zhang-2023-Building-a-knowledge-base-of-bridge.pdf,unknown,unknown,,Zhang-2023-Building-a-knowledge-base-of-bridge,4.17,4373062
Zhang-2023-Streame-learning-to-update-represen.pdf,unknown,unknown,,Zhang-2023-Streame-learning-to-update-represen,1.63,1714185
Zhang-2024-A-novel-customizing-knowledge-graph.pdf,unknown,unknown,,Zhang-2024-A-novel-customizing-knowledge-graph,2.05,2151245
Zhao_2023_J._Phys.%3A_Conf._Ser._2472_012040.pdf,unknown,unknown,,Zhao 2023 J. Phys.%3A Conf. Ser. 2472 012040,3.46,3629173
Zheng-2022-Neurons-detect-cognitive-boundaries.pdf,unknown,unknown,,Zheng-2022-Neurons-detect-cognitive-boundaries,23.0,24117358
Zhu-2025-A-temporal-knowledge-graph-generati.pdf,unknown,unknown,,Zhu-2025-A-temporal-knowledge-graph-generati,1.25,1309480
aaai_2020_evolvegcn_dynamic_graphs.pdf,unknown,unknown,,aaai 2020 evolvegcn dynamic graphs,0.48,498289
acm_3555312_kg_construction_facade.pdf,unknown,unknown,,acm 3555312 kg construction facade,3.13,3278900
acm_3643479_3662055_cross_data_kg_llm_education.pdf,unknown,unknown,,acm 3643479 3662055 cross data kg llm education,1.4,1468068
arigraph_kg_world_models_episodic_memory_2024.pdf,unknown,unknown,,arigraph kg world models episodic memory 2024,4.8,5036614
azeroual-et-al-2019-solving-problems-of-research-information-heterogeneity-during-integration-using-the-european-cerif.pdf,unknown,unknown,,azeroual-et-al-2019-solving-problems-of-research-information-heterogeneity-durin,1.59,1665093
bbae184.pdf,unknown,unknown,,bbae184,1.2,1254363
bikakis-et-al-2020-pattern-based-design-applied-to-cultural-heritage-knowledge-graphs-arco-the-knowledge-graph-of.pdf,unknown,unknown,,bikakis-et-al-2020-pattern-based-design-applied-to-cultural-heritage-knowledge-g,1.96,2050840
biomedcentral_dt_preventive.pdf,unknown,unknown,,biomedcentral dt preventive,5.08,5326595
biorxiv_2022_07_18_500549.pdf,unknown,unknown,,biorxiv 2022 07 18 500549,0.01,7028
biorxiv_biokg_comprehensive.pdf,unknown,unknown,,biorxiv biokg comprehensive,0.01,7007
biorxiv_biokg_generation.pdf,unknown,unknown,,biorxiv biokg generation,0.01,7028
biorxiv_bioteque.pdf,unknown,unknown,,biorxiv bioteque,0.01,7028
bmc_bioinformatics_s12859-025-06063-x.pdf,unknown,unknown,,bmc bioinformatics s12859-025-06063-x,4.3,4510011
bmj_open_2022_065929.pdf,unknown,unknown,,bmj open 2022 065929,0.63,658187
brainsci-15-00431-v3.pdf,unknown,unknown,,brainsci-15-00431-v3,1.73,1812482
chi_2024_memoro_llm_memory_augmentation.pdf,unknown,unknown,,chi 2024 memoro llm memory augmentation,1.06,1110656
chi_2024_thingpoll_privacy_iot_negotiation.pdf,unknown,unknown,,chi 2024 thingpoll privacy iot negotiation,2.76,2897932
collaborative_llm_slm_survey_2024.pdf,unknown,unknown,,collaborative llm slm survey 2024,1.84,1924151
connected_digital_twins_pkg_healthcare_2024.pdf,unknown,unknown,,connected digital twins pkg healthcare 2024,0.35,365965
constructing_pkg_conversation_rl_2024.pdf,unknown,unknown,,constructing pkg conversation rl 2024,0.25,264076
contextual_kg_personalized_learning_2023.pdf,unknown,unknown,,contextual kg personalized learning 2023,0.0,245
ctinexus_cyber_threat_kg_2024.pdf,unknown,unknown,,ctinexus cyber threat kg 2024,2.15,2255833
cvf_open_access_d096d1c4_Quality_and_Relevance_Metrics_for_Selection_of_Multimodal_Pretraining_Data.pdf,unknown,unknown,,cvf open access d096d1c4 Quality and Relevance Metrics for Selection of Multimod,0.22,228003
dint_a_00116.pdf,unknown,unknown,,dint a 00116,4.78,5015713
dint_a_00203.pdf,unknown,unknown,,dint a 00203,0.66,694659
docs2kg_unified_construction_2024.pdf,unknown,unknown,,docs2kg unified construction 2024,1.09,1138965
driskell-et-al-2021-a-lexical-approach-to-assessing-stress-development-and-proof-of-concept.pdf,unknown,unknown,,driskell-et-al-2021-a-lexical-approach-to-assessing-stress-development-and-proof,1.69,1772736
e3s_2024_energy_performance_certificate.pdf,unknown,unknown,,e3s 2024 energy performance certificate,1.81,1896275
electronics-13-03397.pdf,unknown,unknown,,electronics-13-03397,2.29,2402524
fedhgnn_privacy_preserving_recommendation_2024.pdf,unknown,unknown,,fedhgnn privacy preserving recommendation 2024,6.66,6978472
fedrkg_2024_federated_recommendation_framework.pdf,unknown,unknown,,fedrkg 2024 federated recommendation framework,0.83,870860
formative-2021-3-e24738.pdf,unknown,unknown,,formative-2021-3-e24738,1.78,1870448
frontiersin_org_Data_Integration_Challenges_for_Machine_Learning_in_Precision_Medicine.pdf,unknown,unknown,,frontiersin org Data Integration Challenges for Machine Learning in Precision Me,1.23,1294988
frontiersin_org_FAIR_Digital_Twins_for_Data-Intensive_Research.pdf,unknown,unknown,,frontiersin org FAIR Digital Twins for Data-Intensive Research,4.15,4355747
gnn_heart_failure_prediction_2024.pdf,unknown,unknown,,gnn heart failure prediction 2024,3.38,3549140
hal_science_Human_digital_twins_A_systematic_literature_review_and_concept_disambiguation_for_industry_5.0.pdf,unknown,unknown,,hal science Human digital twins A systematic literature review and concept disam,1.06,1113747
healthcare_kg_construction_systematic_review_2023.pdf,unknown,unknown,,healthcare kg construction systematic review 2023,2.37,2482267
hendler-2014-data-integration-for-heterogenous-datasets.pdf,unknown,unknown,,hendler-2014-data-integration-for-heterogenous-datasets,1.75,1839545
hindawi_scn_2021_7185827.pdf,unknown,unknown,,hindawi scn 2021 7185827,0.01,7027
hitzler-et-al-2020-leveraging-knowledge-graphs-for-big-data-integration-the-xi-pipeline.pdf,unknown,unknown,,hitzler-et-al-2020-leveraging-knowledge-graphs-for-big-data-integration-the-xi-p,0.1,103802
ictir2019-pkg.pdf,unknown,unknown,,ictir2019-pkg,0.86,899204
ijcai_2022_enhancing_sequential_recommendation_gnn.pdf,unknown,unknown,,ijcai 2022 enhancing sequential recommendation gnn,0.51,538735
integrate_any_omics_2024.pdf,unknown,unknown,,integrate any omics 2024,27.6,28943184
itext2kg_incremental_construction_2024.pdf,unknown,unknown,,itext2kg incremental construction 2024,2.5,2622938
jmir_2023_digital_health_coaching_hpv.pdf,unknown,unknown,,jmir 2023 digital health coaching hpv,0.37,389120
jmir_e50210.pdf,unknown,unknown,,jmir e50210,1.37,1433706
kdd_2023_privacy_preserving_graph_ml_survey.pdf,unknown,unknown,,kdd 2023 privacy preserving graph ml survey,2.86,2998246
kg_driven_medicine_recommendation_gnn_2024.pdf,unknown,unknown,,kg driven medicine recommendation gnn 2024,1.28,1337644
kg_human_memory_systems_pomdp_2024.pdf,unknown,unknown,,kg human memory systems pomdp 2024,0.74,772317
learner_modeling_pkg_recommendation_2024.pdf,unknown,unknown,,learner modeling pkg recommendation 2024,0.01,6915
llm_kg_research_trends_2024.pdf,unknown,unknown,,llm kg research trends 2024,1.03,1080273
llm4edukg_automatic_construction_2024.pdf,unknown,unknown,,llm4edukg automatic construction 2024,0.0,245
mandreoli2019.pdf,unknown,unknown,,mandreoli2019,0.59,620410
medina-uzcategui-et-al-2023-development-of-a-proof-of-concept-prototype-amid-limited-face-to-face-interactions-a-case.pdf,unknown,unknown,,medina-uzcategui-et-al-2023-development-of-a-proof-of-concept-prototype-amid-lim,1.1,1151435
medrxiv_2022_08_11_278688.pdf,unknown,unknown,,medrxiv 2022 08 11 278688,0.5,521997
medrxiv_kg_scoping_review.pdf,unknown,unknown,,medrxiv kg scoping review,0.42,436992
medrxiv_llm_diagnosis.pdf,unknown,unknown,,medrxiv llm diagnosis,3.44,3607858
medrxiv_long_covid_temporal.pdf,unknown,unknown,,medrxiv long covid temporal,3.59,3762731
medrxiv_medical_hallucination.pdf,unknown,unknown,,medrxiv medical hallucination,6.36,6670961
mlr_2024_multi_behavior_session_recommendation_gnn.pdf,unknown,unknown,,mlr 2024 multi behavior session recommendation gnn,0.54,565763
nature_2022_wu_federated_gnn_privacy_personalization.pdf,unknown,unknown,,nature 2022 wu federated gnn privacy personalization,0.0,134
neural_networks_2024_multitask_heterogeneous_graph_ehr.pdf,unknown,unknown,,neural networks 2024 multitask heterogeneous graph ehr,1.35,1412821
oae_2023_synaptic_proteins_alzheimers_biomarkers.pdf,unknown,unknown,,oae 2023 synaptic proteins alzheimers biomarkers,1.23,1284980
oae_synaptic_alzheimer.pdf,unknown,unknown,,oae synaptic alzheimer,1.23,1284980
openaccess_city_ac_uk_[PDF]_Knowledge_Graphs_for_the_Life_Sciences_-_City_Research_Online.pdf,unknown,unknown,,openaccess city ac uk [PDF] Knowledge Graphs for the Life Sciences - City Resear,1.11,1161642
openaccess_thecvf_com_Quality_and_Relevance_Metrics_for_Selection_of_Multimodal_Pretraining_Data.pdf,unknown,unknown,,openaccess thecvf com Quality and Relevance Metrics for Selection of Multimodal ,0.22,228003
openreview_141b7821_Share_Your_Representation_Only_Guaranteed_Improvement_of_the_Privacy-Utility_Tradeoff_in_Federated_L.pdf,unknown,unknown,,openreview 141b7821 Share Your Representation Only Guaranteed Improvement of the,0.89,934442
openreview_8a4530b1_MultiBench_Multiscale_Benchmarks_for_Multimodal_Representation_Learning.pdf,unknown,unknown,,openreview 8a4530b1 MultiBench Multiscale Benchmarks for Multimodal Representati,6.24,6548250
oup_bioinformatics_btad771.pdf,unknown,unknown,,oup bioinformatics btad771,0.01,7126
patient_centric_kg_survey_2024.pdf,unknown,unknown,,patient centric kg survey 2024,3.65,3823660
peerj-10-13861.pdf,unknown,unknown,,peerj-10-13861,0.28,291488
peerj-cs-11-2595.pdf,unknown,unknown,,peerj-cs-11-2595,5.48,5751240
personalai_digital_twins_graph_2025.pdf,unknown,unknown,,personalai digital twins graph 2025,4.75,4980710
personalized_privacy_preserving_federated_gnn_2024.pdf,unknown,unknown,,personalized privacy preserving federated gnn 2024,1.24,1299777
personalizing_llm_rag_kg_2025.pdf,unknown,unknown,,personalizing llm rag kg 2025,0.71,744083
plos_blockchain_dt.pdf,unknown,unknown,,plos blockchain dt,4.03,4228797
posillico-edwards-2024-developing-a-proof-of-concept-curriculum-foundation-model-for-industry-5-0-a-primary-data-survey.pdf,unknown,unknown,,posillico-edwards-2024-developing-a-proof-of-concept-curriculum-foundation-model,1.79,1880149
precision_nutrition_pkg_2024.pdf,unknown,unknown,,precision nutrition pkg 2024,0.28,293412
rilling2008.pdf,unknown,unknown,,rilling2008,2.44,2557732
rpi_2020_personal_health_kg_patients.pdf,unknown,unknown,,rpi 2020 personal health kg patients,0.09,91014
s10115-023-02014-1.pdf,unknown,unknown,,s10115-023-02014-1,2.26,2370454
s10462-023-10465-9.pdf,unknown,unknown,,s10462-023-10465-9,1.46,1526862
s10489-025-06549-4.pdf,unknown,unknown,,s10489-025-06549-4,2.89,3034976
s41467-022-30714-9.pdf,unknown,unknown,,s41467-022-30714-9,1.36,1423224
s41562-023-01799-z.pdf,unknown,unknown,,s41562-023-01799-z,2.54,2666492
s41598-019-51497-y.pdf,unknown,unknown,,s41598-019-51497-y,1.67,1750845
s41598-022-09141-9.pdf,unknown,unknown,,s41598-022-09141-9,3.16,3312795
s41598-022-24754-w.pdf,unknown,unknown,,s41598-022-24754-w,1.66,1744697
s41598-024-85053-0.pdf,unknown,unknown,,s41598-024-85053-0,2.64,2767565
s41598-025-02553-3.pdf,unknown,unknown,,s41598-025-02553-3,2.8,2935488
s41598-025-94478-0.pdf,unknown,unknown,,s41598-025-94478-0,5.16,5413829
s41746-025-01508-2.pdf,unknown,unknown,,s41746-025-01508-2,2.02,2113313
s42003-024-06641-4.pdf,unknown,unknown,,s42003-024-06641-4,1.19,1244860
s42514-024-00198-8.pdf,unknown,unknown,,s42514-024-00198-8,1.4,1467123
s4428889_final_thesis.pdf,unknown,unknown,,s4428889 final thesis,5.53,5797969
ssrn-4798807.pdf,unknown,unknown,,ssrn-4798807,0.67,700125
sstkg_spatio_temporal_kg_2024.pdf,unknown,unknown,,sstkg spatio temporal kg 2024,1.48,1549650
szekely15-iswc.pdf,unknown,unknown,,szekely15-iswc,1.66,1736387
temporal_fact_reasoning_hyper_relational_kg_2024.pdf,unknown,unknown,,temporal fact reasoning hyper relational kg 2024,5.11,5362939
timelinekgqa_comprehensive_qa_generator_2025.pdf,unknown,unknown,,timelinekgqa comprehensive qa generator 2025,0.66,696954
transparent_learner_pkg_gnn_2024.pdf,unknown,unknown,,transparent learner pkg gnn 2024,0.01,6915
vldb_2024_aeong_temporal_graph_databases.pdf,unknown,unknown,,vldb 2024 aeong temporal graph databases,2.79,2930103
wsdm_2024_user_behavior_temporal_kg_sequential_recommendation.pdf,unknown,unknown,,wsdm 2024 user behavior temporal kg sequential recommendation,5.01,5253856
xu2015.pdf,unknown,unknown,,xu2015,0.12,127430
xu2020.pdf,unknown,unknown,,xu2020,0.64,671129
zenodo_org_Knowledge_sharing_and_discovery_across_heterogeneous_research_infrastructures..pdf,unknown,unknown,,zenodo org Knowledge sharing and discovery across heterogeneous research infrast,2.57,2698771
zep_temporal_kg_agent_memory_2025.pdf,unknown,unknown,,zep temporal kg agent memory 2025,0.14,148771
